010,3,0,59,56.75326919555664,{'criterion': 'entropy', 'max_depth': 7, 'max_features': 'log2', 'n_estimators': 25}
015,0,0,66,70.79922223091125,{'criterion': 'entropy', 'max_depth': 7, 'max_features': 'log2', 'n_estimators': 125}
030,0,0,71,76.66219830513,{'criterion': 'entropy', 'max_depth': 3, 'max_features': 'log2', 'n_estimators': 25}
030,3,0,71,76.68193006515503,{'criterion': 'gini', 'max_depth': 3, 'max_features': 'sqrt', 'n_estimators': 100}
015,2,0,60,78.35312962532043,{'criterion': 'gini', 'max_depth': 3, 'max_features': 'sqrt', 'n_estimators': 75}
010,4,0,66,81.56645965576172,{'criterion': 'gini', 'max_depth': 3, 'max_features': 'sqrt', 'n_estimators': 75}
100,3,0,73,72.66832089424133,{'criterion': 'entropy', 'max_depth': 3, 'max_features': 'log2', 'n_estimators': 125}
060,2,0,68,79.98448443412781,{'criterion': 'entropy', 'max_depth': 5, 'max_features': 'sqrt', 'n_estimators': 50}
005,2,0,60,98.00983572006226,{'criterion': 'gini', 'max_depth': 5, 'max_features': 'log2', 'n_estimators': 25}
030,1,0,69,102.15662813186646,{'criterion': 'gini', 'max_depth': 3, 'max_features': 'log2', 'n_estimators': 150}
100,1,0,68,93.06728935241699,{'criterion': 'entropy', 'max_depth': 3, 'max_features': 'sqrt', 'n_estimators': 75}
020,2,0,61,111.1837158203125,{'criterion': 'entropy', 'max_depth': 7, 'max_features': 'sqrt', 'n_estimators': 125}
005,0,0,66,118.82400751113892,{'criterion': 'gini', 'max_depth': 3, 'max_features': 'sqrt', 'n_estimators': 150}
030,2,0,61,113.4028537273407,{'criterion': 'gini', 'max_depth': 5, 'max_features': 'log2', 'n_estimators': 75}
020,4,0,70,113.79234743118286,{'criterion': 'gini', 'max_depth': 7, 'max_features': 'sqrt', 'n_estimators': 100}
030,4,0,70,117.10523271560669,{'criterion': 'gini', 'max_depth': 3, 'max_features': 'sqrt', 'n_estimators': 75}
010,2,0,62,121.8729796409607,{'criterion': 'gini', 'max_depth': 5, 'max_features': 'sqrt', 'n_estimators': 50}
020,1,0,64,116.50109362602234,{'criterion': 'gini', 'max_depth': 5, 'max_features': 'sqrt', 'n_estimators': 50}
010,0,0,68,123.61505818367004,{'criterion': 'gini', 'max_depth': 3, 'max_features': 'log2', 'n_estimators': 50}
015,4,0,60,122.90706396102905,{'criterion': 'gini', 'max_depth': 7, 'max_features': 'sqrt', 'n_estimators': 50}
060,3,0,61,117.76906704902649,{'criterion': 'entropy', 'max_depth': 3, 'max_features': 'sqrt', 'n_estimators': 25}
020,0,0,63,121.509450674057,{'criterion': 'gini', 'max_depth': 3, 'max_features': 'sqrt', 'n_estimators': 50}
060,4,0,71,120.37678599357605,{'criterion': 'gini', 'max_depth': 7, 'max_features': 'sqrt', 'n_estimators': 25}
100,2,0,72,114.45005750656128,{'criterion': 'entropy', 'max_depth': 3, 'max_features': 'sqrt', 'n_estimators': 50}
020,3,0,65,127.80186033248901,{'criterion': 'gini', 'max_depth': 7, 'max_features': 'sqrt', 'n_estimators': 50}
010,1,0,49,141.23618364334106,{'criterion': 'gini', 'max_depth': 5, 'max_features': 'log2', 'n_estimators': 25}
100,0,0,71,121.72498774528503,{'criterion': 'gini', 'max_depth': 5, 'max_features': 'sqrt', 'n_estimators': 50}
015,1,0,65,143.6215238571167,{'criterion': 'gini', 'max_depth': 7, 'max_features': 'log2', 'n_estimators': 50}
005,3,0,56,153.38296341896057,{'criterion': 'gini', 'max_depth': 3, 'max_features': 'sqrt', 'n_estimators': 150}
005,4,0,47,154.76051139831543,{'criterion': 'gini', 'max_depth': 3, 'max_features': 'sqrt', 'n_estimators': 25}
060,1,0,71,143.8329372406006,{'criterion': 'gini', 'max_depth': 7, 'max_features': 'sqrt', 'n_estimators': 125}
005,1,0,54,177.11066031455994,{'criterion': 'gini', 'max_depth': 3, 'max_features': 'log2', 'n_estimators': 25}
060,0,0,76,194.29374432563782,{'criterion': 'entropy', 'max_depth': 7, 'max_features': 'log2', 'n_estimators': 150}
015,3,0,64,200.09522771835327,{'criterion': 'gini', 'max_depth': 7, 'max_features': 'sqrt', 'n_estimators': 25}
100,4,0,70,218.9629421234131,{'criterion': 'gini', 'max_depth': 3, 'max_features': 'sqrt', 'n_estimators': 25}
005,4,0,58,101.60403347015381,{'criterion': 'gini', 'max_depth': 7, 'max_features': 'sqrt', 'n_estimators': 25}
010,2,0,63,98.75105905532837,{'criterion': 'entropy', 'max_depth': 7, 'max_features': 'log2', 'n_estimators': 75}
015,2,0,65,100.09641408920288,{'criterion': 'gini', 'max_depth': 7, 'max_features': 'sqrt', 'n_estimators': 75}
030,2,0,64,93.85862398147583,{'criterion': 'entropy', 'max_depth': 3, 'max_features': 'sqrt', 'n_estimators': 100}
030,0,0,66,101.84589052200317,{'criterion': 'gini', 'max_depth': 3, 'max_features': 'sqrt', 'n_estimators': 125}
015,4,0,63,103.44282460212708,{'criterion': 'gini', 'max_depth': 3, 'max_features': 'log2', 'n_estimators': 25}
020,2,0,55,109.33939695358276,{'criterion': 'entropy', 'max_depth': 5, 'max_features': 'sqrt', 'n_estimators': 100}
020,3,0,69,108.85671830177307,{'criterion': 'entropy', 'max_depth': 7, 'max_features': 'log2', 'n_estimators': 25}
020,4,0,70,107.63739919662476,{'criterion': 'gini', 'max_depth': 7, 'max_features': 'sqrt', 'n_estimators': 50}
020,1,0,66,107.25853657722473,{'criterion': 'entropy', 'max_depth': 5, 'max_features': 'log2', 'n_estimators': 75}
030,1,0,64,102.12941575050354,{'criterion': 'gini', 'max_depth': 5, 'max_features': 'sqrt', 'n_estimators': 100}
015,0,0,60,112.19155168533325,{'criterion': 'entropy', 'max_depth': 3, 'max_features': 'sqrt', 'n_estimators': 25}
005,2,0,60,119.92865252494812,{'criterion': 'entropy', 'max_depth': 3, 'max_features': 'sqrt', 'n_estimators': 100}
010,0,0,68,122.05274844169617,{'criterion': 'gini', 'max_depth': 3, 'max_features': 'sqrt', 'n_estimators': 150}
010,3,0,55,125.34341382980347,{'criterion': 'gini', 'max_depth': 7, 'max_features': 'log2', 'n_estimators': 100}
030,3,0,69,124.97215819358826,{'criterion': 'gini', 'max_depth': 3, 'max_features': 'sqrt', 'n_estimators': 50}
005,0,0,67,140.96460843086243,{'criterion': 'entropy', 'max_depth': 5, 'max_features': 'sqrt', 'n_estimators': 150}
010,4,0,68,138.35714387893677,{'criterion': 'gini', 'max_depth': 5, 'max_features': 'log2', 'n_estimators': 100}
100,2,0,73,128.7043538093567,{'criterion': 'entropy', 'max_depth': 3, 'max_features': 'sqrt', 'n_estimators': 100}
010,1,0,62,142.95554304122925,{'criterion': 'gini', 'max_depth': 5, 'max_features': 'sqrt', 'n_estimators': 125}
030,4,0,68,142.9635365009308,{'criterion': 'gini', 'max_depth': 7, 'max_features': 'log2', 'n_estimators': 75}
060,3,0,62,142.39835023880005,{'criterion': 'gini', 'max_depth': 3, 'max_features': 'log2', 'n_estimators': 50}
020,0,0,60,143.7416706085205,{'criterion': 'gini', 'max_depth': 3, 'max_features': 'sqrt', 'n_estimators': 50}
060,1,0,69,143.2395441532135,{'criterion': 'entropy', 'max_depth': 5, 'max_features': 'log2', 'n_estimators': 50}
015,1,0,71,151.05314111709595,{'criterion': 'entropy', 'max_depth': 3, 'max_features': 'sqrt', 'n_estimators': 25}
060,4,0,70,153.88360452651978,{'criterion': 'entropy', 'max_depth': 3, 'max_features': 'sqrt', 'n_estimators': 50}
060,2,0,67,135.6813645362854,{'criterion': 'entropy', 'max_depth': 3, 'max_features': 'sqrt', 'n_estimators': 50}
015,3,0,67,158.40233373641968,{'criterion': 'gini', 'max_depth': 5, 'max_features': 'sqrt', 'n_estimators': 25}
005,3,0,60,166.79109930992126,{'criterion': 'gini', 'max_depth': 5, 'max_features': 'log2', 'n_estimators': 75}
100,1,0,71,147.8985950946808,{'criterion': 'entropy', 'max_depth': 3, 'max_features': 'sqrt', 'n_estimators': 25}
060,0,0,71,150.03789520263672,{'criterion': 'gini', 'max_depth': 3, 'max_features': 'log2', 'n_estimators': 75}
100,0,0,77,156.59172797203064,{'criterion': 'gini', 'max_depth': 5, 'max_features': 'sqrt', 'n_estimators': 150}
100,4,0,72,158.91067957878113,{'criterion': 'gini', 'max_depth': 3, 'max_features': 'log2', 'n_estimators': 25}
100,3,0,75,160.18485975265503,{'criterion': 'entropy', 'max_depth': 5, 'max_features': 'sqrt', 'n_estimators': 150}
005,1,0,63,222.52747249603271,{'criterion': 'gini', 'max_depth': 3, 'max_features': 'log2', 'n_estimators': 125}
015,4,0,63,126.34711647033691,{'criterion': 'gini', 'max_depth': 5, 'max_features': 'sqrt', 'n_estimators': 25}
015,3,0,62,127.76848340034485,{'criterion': 'gini', 'max_depth': 5, 'max_features': 'log2', 'n_estimators': 50}
005,3,0,53,130.35996389389038,{'criterion': 'gini', 'max_depth': 3, 'max_features': 'log2', 'n_estimators': 50}
005,2,0,64,131.53809666633606,{'criterion': 'gini', 'max_depth': 5, 'max_features': 'sqrt', 'n_estimators': 25}
020,3,0,67,118.60497570037842,{'criterion': 'gini', 'max_depth': 3, 'max_features': 'log2', 'n_estimators': 25}
030,4,0,70,118.12626099586487,{'criterion': 'gini', 'max_depth': 5, 'max_features': 'log2', 'n_estimators': 125}
010,0,0,66,134.3407928943634,{'criterion': 'gini', 'max_depth': 5, 'max_features': 'sqrt', 'n_estimators': 75}
005,1,0,58,138.98955535888672,{'criterion': 'entropy', 'max_depth': 3, 'max_features': 'sqrt', 'n_estimators': 100}
030,3,0,73,119.43593144416809,{'criterion': 'entropy', 'max_depth': 5, 'max_features': 'sqrt', 'n_estimators': 100}
015,1,0,65,140.00257778167725,{'criterion': 'entropy', 'max_depth': 3, 'max_features': 'sqrt', 'n_estimators': 25}
015,2,0,60,139.63281846046448,{'criterion': 'gini', 'max_depth': 5, 'max_features': 'log2', 'n_estimators': 75}
005,0,0,62,142.15313696861267,{'criterion': 'gini', 'max_depth': 3, 'max_features': 'log2', 'n_estimators': 50}
020,2,0,60,139.9901943206787,{'criterion': 'gini', 'max_depth': 3, 'max_features': 'sqrt', 'n_estimators': 150}
010,2,0,61,146.03489446640015,{'criterion': 'gini', 'max_depth': 5, 'max_features': 'sqrt', 'n_estimators': 50}
020,0,0,56,142.92967200279236,{'criterion': 'entropy', 'max_depth': 3, 'max_features': 'sqrt', 'n_estimators': 25}
015,0,0,61,143.70615601539612,{'criterion': 'gini', 'max_depth': 5, 'max_features': 'sqrt', 'n_estimators': 150}
020,1,0,65,137.9409477710724,{'criterion': 'gini', 'max_depth': 5, 'max_features': 'log2', 'n_estimators': 100}
030,0,0,62,142.51366925239563,{'criterion': 'gini', 'max_depth': 3, 'max_features': 'sqrt', 'n_estimators': 50}
060,2,0,71,133.2628846168518,{'criterion': 'entropy', 'max_depth': 5, 'max_features': 'sqrt', 'n_estimators': 125}
005,4,0,64,152.16386365890503,{'criterion': 'gini', 'max_depth': 5, 'max_features': 'log2', 'n_estimators': 25}
060,1,0,73,143.1959331035614,{'criterion': 'entropy', 'max_depth': 3, 'max_features': 'sqrt', 'n_estimators': 50}
010,4,0,66,149.27005219459534,{'criterion': 'gini', 'max_depth': 3, 'max_features': 'sqrt', 'n_estimators': 75}
060,4,0,68,139.46199011802673,{'criterion': 'entropy', 'max_depth': 7, 'max_features': 'log2', 'n_estimators': 50}
030,1,0,68,137.93027710914612,{'criterion': 'entropy', 'max_depth': 7, 'max_features': 'sqrt', 'n_estimators': 100}
100,3,0,70,142.0146770477295,{'criterion': 'gini', 'max_depth': 3, 'max_features': 'sqrt', 'n_estimators': 150}
100,2,0,73,133.4369978904724,{'criterion': 'entropy', 'max_depth': 5, 'max_features': 'sqrt', 'n_estimators': 100}
010,1,0,54,164.30355262756348,{'criterion': 'entropy', 'max_depth': 7, 'max_features': 'log2', 'n_estimators': 25}
100,0,0,76,128.46235823631287,{'criterion': 'gini', 'max_depth': 5, 'max_features': 'log2', 'n_estimators': 150}
020,4,0,68,160.49624371528625,{'criterion': 'gini', 'max_depth': 3, 'max_features': 'log2', 'n_estimators': 75}
060,3,0,66,159.2536165714264,{'criterion': 'entropy', 'max_depth': 5, 'max_features': 'log2', 'n_estimators': 100}
030,2,0,60,165.38182926177979,{'criterion': 'gini', 'max_depth': 5, 'max_features': 'sqrt', 'n_estimators': 25}
010,3,0,58,172.20877933502197,{'criterion': 'gini', 'max_depth': 5, 'max_features': 'sqrt', 'n_estimators': 150}
060,0,0,70,155.27472639083862,{'criterion': 'gini', 'max_depth': 3, 'max_features': 'sqrt', 'n_estimators': 125}
100,4,0,75,185.648095369339,{'criterion': 'entropy', 'max_depth': 3, 'max_features': 'log2', 'n_estimators': 75}
100,1,0,72,185.29765701293945,{'criterion': 'gini', 'max_depth': 7, 'max_features': 'log2', 'n_estimators': 75}
030,4,0,63,98.79557514190674,{'criterion': 'gini', 'max_depth': 3, 'max_features': 'log2', 'n_estimators': 50}
020,3,0,71,101.03119730949402,{'criterion': 'entropy', 'max_depth': 5, 'max_features': 'log2', 'n_estimators': 25}
010,3,0,66,105.56505060195923,{'criterion': 'entropy', 'max_depth': 3, 'max_features': 'log2', 'n_estimators': 150}
010,4,0,66,105.02372145652771,{'criterion': 'gini', 'max_depth': 7, 'max_features': 'log2', 'n_estimators': 125}
005,1,0,62,112.94075322151184,{'criterion': 'gini', 'max_depth': 3, 'max_features': 'log2', 'n_estimators': 25}
005,2,0,58,115.87140703201294,{'criterion': 'gini', 'max_depth': 3, 'max_features': 'log2', 'n_estimators': 50}
010,1,0,54,116.62516069412231,{'criterion': 'gini', 'max_depth': 7, 'max_features': 'log2', 'n_estimators': 50}
030,2,0,66,113.35614252090454,{'criterion': 'gini', 'max_depth': 5, 'max_features': 'log2', 'n_estimators': 25}
010,0,0,64,123.2228946685791,{'criterion': 'gini', 'max_depth': 7, 'max_features': 'sqrt', 'n_estimators': 75}
020,2,0,61,125.1548764705658,{'criterion': 'entropy', 'max_depth': 5, 'max_features': 'log2', 'n_estimators': 75}
005,4,0,56,132.03263592720032,{'criterion': 'gini', 'max_depth': 5, 'max_features': 'log2', 'n_estimators': 75}
015,0,0,66,130.13649225234985,{'criterion': 'gini', 'max_depth': 7, 'max_features': 'sqrt', 'n_estimators': 100}
005,3,0,61,134.30104994773865,{'criterion': 'entropy', 'max_depth': 3, 'max_features': 'sqrt', 'n_estimators': 25}
010,2,0,59,129.273761510849,{'criterion': 'gini', 'max_depth': 3, 'max_features': 'sqrt', 'n_estimators': 25}
015,1,0,62,133.1597557067871,{'criterion': 'gini', 'max_depth': 5, 'max_features': 'sqrt', 'n_estimators': 50}
015,3,0,60,133.07821989059448,{'criterion': 'entropy', 'max_depth': 3, 'max_features': 'log2', 'n_estimators': 75}
020,0,0,55,129.31613492965698,{'criterion': 'entropy', 'max_depth': 5, 'max_features': 'log2', 'n_estimators': 25}
015,4,0,61,132.5997350215912,{'criterion': 'gini', 'max_depth': 3, 'max_features': 'log2', 'n_estimators': 75}
020,1,0,70,137.4417760372162,{'criterion': 'gini', 'max_depth': 3, 'max_features': 'log2', 'n_estimators': 125}
060,1,0,71,124.62567448616028,{'criterion': 'gini', 'max_depth': 5, 'max_features': 'log2', 'n_estimators': 25}
060,0,0,70,138.99310731887817,{'criterion': 'entropy', 'max_depth': 3, 'max_features': 'sqrt', 'n_estimators': 50}
060,2,0,67,122.52576661109924,{'criterion': 'gini', 'max_depth': 3, 'max_features': 'log2', 'n_estimators': 125}
060,4,0,72,136.20300817489624,{'criterion': 'entropy', 'max_depth': 5, 'max_features': 'log2', 'n_estimators': 150}
020,4,0,68,144.82986450195312,{'criterion': 'gini', 'max_depth': 7, 'max_features': 'sqrt', 'n_estimators': 50}
030,0,0,69,143.93309450149536,{'criterion': 'entropy', 'max_depth': 3, 'max_features': 'log2', 'n_estimators': 50}
005,0,0,58,150.98900508880615,{'criterion': 'gini', 'max_depth': 3, 'max_features': 'sqrt', 'n_estimators': 50}
100,2,0,75,124.04715752601624,{'criterion': 'entropy', 'max_depth': 5, 'max_features': 'log2', 'n_estimators': 100}
030,1,0,62,143.3487377166748,{'criterion': 'gini', 'max_depth': 5, 'max_features': 'log2', 'n_estimators': 50}
100,3,0,72,134.97571063041687,{'criterion': 'gini', 'max_depth': 5, 'max_features': 'log2', 'n_estimators': 125}
060,3,0,71,125.27811241149902,{'criterion': 'gini', 'max_depth': 3, 'max_features': 'log2', 'n_estimators': 150}
015,2,0,59,156.94247579574585,{'criterion': 'entropy', 'max_depth': 3, 'max_features': 'sqrt', 'n_estimators': 25}
100,1,0,70,122.92767405509949,{'criterion': 'gini', 'max_depth': 3, 'max_features': 'log2', 'n_estimators': 50}
030,3,0,72,155.25670289993286,{'criterion': 'gini', 'max_depth': 3, 'max_features': 'log2', 'n_estimators': 125}
100,4,0,75,164.901513338089,{'criterion': 'gini', 'max_depth': 3, 'max_features': 'sqrt', 'n_estimators': 25}
100,0,0,71,380.8916902542114,{'criterion': 'gini', 'max_depth': 5, 'max_features': 'log2', 'n_estimators': 75}
010,2,0,58,85.42196583747864,{'criterion': 'gini', 'max_depth': 7, 'max_features': 'sqrt', 'n_estimators': 25}
010,1,0,58,82.74903273582458,{'criterion': 'gini', 'max_depth': 5, 'max_features': 'sqrt', 'n_estimators': 25}
020,0,0,62,85.3476915359497,{'criterion': 'gini', 'max_depth': 7, 'max_features': 'log2', 'n_estimators': 25}
015,4,0,64,83.59697723388672,{'criterion': 'gini', 'max_depth': 5, 'max_features': 'sqrt', 'n_estimators': 150}
030,1,0,69,87.76453042030334,{'criterion': 'gini', 'max_depth': 7, 'max_features': 'log2', 'n_estimators': 25}
020,3,0,67,92.88805937767029,{'criterion': 'entropy', 'max_depth': 7, 'max_features': 'sqrt', 'n_estimators': 50}
060,0,0,71,88.93149185180664,{'criterion': 'entropy', 'max_depth': 7, 'max_features': 'sqrt', 'n_estimators': 150}
030,4,0,64,100.25744104385376,{'criterion': 'entropy', 'max_depth': 5, 'max_features': 'sqrt', 'n_estimators': 25}
005,1,0,57,109.9569480419159,{'criterion': 'gini', 'max_depth': 5, 'max_features': 'sqrt', 'n_estimators': 100}
005,3,0,63,112.04214453697205,{'criterion': 'gini', 'max_depth': 3, 'max_features': 'log2', 'n_estimators': 25}
010,3,0,60,122.24632787704468,{'criterion': 'entropy', 'max_depth': 3, 'max_features': 'sqrt', 'n_estimators': 125}
020,4,0,69,118.00094318389893,{'criterion': 'entropy', 'max_depth': 3, 'max_features': 'sqrt', 'n_estimators': 150}
005,0,0,68,125.15730285644531,{'criterion': 'gini', 'max_depth': 3, 'max_features': 'sqrt', 'n_estimators': 150}
060,4,0,70,105.5749921798706,{'criterion': 'gini', 'max_depth': 7, 'max_features': 'sqrt', 'n_estimators': 125}
015,2,0,63,120.38418960571289,{'criterion': 'gini', 'max_depth': 7, 'max_features': 'log2', 'n_estimators': 150}
030,2,0,56,114.85471487045288,{'criterion': 'entropy', 'max_depth': 5, 'max_features': 'sqrt', 'n_estimators': 25}
005,2,0,62,128.14696884155273,{'criterion': 'gini', 'max_depth': 3, 'max_features': 'log2', 'n_estimators': 125}
030,3,0,73,122.1097400188446,{'criterion': 'gini', 'max_depth': 7, 'max_features': 'log2', 'n_estimators': 75}
030,0,0,55,121.12231111526489,{'criterion': 'gini', 'max_depth': 3, 'max_features': 'log2', 'n_estimators': 25}
020,2,0,54,131.02013444900513,{'criterion': 'entropy', 'max_depth': 5, 'max_features': 'sqrt', 'n_estimators': 50}
060,3,0,69,109.45851039886475,{'criterion': 'gini', 'max_depth': 7, 'max_features': 'log2', 'n_estimators': 100}
020,1,0,67,133.58664321899414,{'criterion': 'gini', 'max_depth': 3, 'max_features': 'sqrt', 'n_estimators': 125}
015,1,0,59,134.76233434677124,{'criterion': 'entropy', 'max_depth': 5, 'max_features': 'log2', 'n_estimators': 25}
100,4,0,72,109.09322476387024,{'criterion': 'gini', 'max_depth': 5, 'max_features': 'log2', 'n_estimators': 25}
015,0,0,56,142.65339040756226,{'criterion': 'gini', 'max_depth': 3, 'max_features': 'sqrt', 'n_estimators': 25}
010,0,0,65,143.10203981399536,{'criterion': 'gini', 'max_depth': 3, 'max_features': 'log2', 'n_estimators': 125}
010,4,0,69,143.59926533699036,{'criterion': 'gini', 'max_depth': 3, 'max_features': 'log2', 'n_estimators': 50}
060,1,0,67,137.50835347175598,{'criterion': 'entropy', 'max_depth': 3, 'max_features': 'sqrt', 'n_estimators': 75}
060,2,0,70,135.75097346305847,{'criterion': 'entropy', 'max_depth': 3, 'max_features': 'log2', 'n_estimators': 100}
005,4,0,52,153.95318055152893,{'criterion': 'gini', 'max_depth': 3, 'max_features': 'sqrt', 'n_estimators': 50}
100,1,0,68,117.47602844238281,{'criterion': 'gini', 'max_depth': 3, 'max_features': 'log2', 'n_estimators': 100}
015,3,0,69,168.41684460639954,{'criterion': 'gini', 'max_depth': 5, 'max_features': 'sqrt', 'n_estimators': 125}
100,3,0,74,158.50779747962952,{'criterion': 'entropy', 'max_depth': 3, 'max_features': 'log2', 'n_estimators': 75}
100,2,0,73,188.627512216568,{'criterion': 'gini', 'max_depth': 5, 'max_features': 'sqrt', 'n_estimators': 100}
100,0,0,78,281.3027648925781,{'criterion': 'gini', 'max_depth': 5, 'max_features': 'log2', 'n_estimators': 125}
030,3,0,65,77.32419848442078,{'criterion': 'entropy', 'max_depth': 3, 'max_features': 'log2', 'n_estimators': 50}
030,1,0,69,76.11906385421753,{'criterion': 'entropy', 'max_depth': 3, 'max_features': 'sqrt', 'n_estimators': 50}
010,1,0,55,87.78167295455933,{'criterion': 'gini', 'max_depth': 5, 'max_features': 'sqrt', 'n_estimators': 125}
015,4,0,65,86.88896012306213,{'criterion': 'entropy', 'max_depth': 5, 'max_features': 'log2', 'n_estimators': 75}
005,0,0,61,95.2378761768341,{'criterion': 'gini', 'max_depth': 5, 'max_features': 'log2', 'n_estimators': 150}
020,2,0,60,99.63987636566162,{'criterion': 'gini', 'max_depth': 7, 'max_features': 'log2', 'n_estimators': 75}
010,4,0,67,101.23400712013245,{'criterion': 'gini', 'max_depth': 3, 'max_features': 'log2', 'n_estimators': 125}
005,4,0,60,113.12299609184265,{'criterion': 'entropy', 'max_depth': 3, 'max_features': 'log2', 'n_estimators': 100}
020,0,0,58,110.69625997543335,{'criterion': 'entropy', 'max_depth': 7, 'max_features': 'sqrt', 'n_estimators': 75}
020,4,0,59,104.91817665100098,{'criterion': 'entropy', 'max_depth': 7, 'max_features': 'sqrt', 'n_estimators': 25}
005,2,0,62,116.96982526779175,{'criterion': 'gini', 'max_depth': 3, 'max_features': 'log2', 'n_estimators': 25}
060,3,0,68,93.83868551254272,{'criterion': 'entropy', 'max_depth': 3, 'max_features': 'sqrt', 'n_estimators': 100}
010,0,0,71,117.62694764137268,{'criterion': 'gini', 'max_depth': 3, 'max_features': 'sqrt', 'n_estimators': 50}
020,3,0,70,113.69017314910889,{'criterion': 'entropy', 'max_depth': 5, 'max_features': 'sqrt', 'n_estimators': 50}
015,1,0,59,116.17706608772278,{'criterion': 'entropy', 'max_depth': 7, 'max_features': 'log2', 'n_estimators': 25}
015,2,0,58,119.83017826080322,{'criterion': 'gini', 'max_depth': 5, 'max_features': 'sqrt', 'n_estimators': 100}
030,4,0,71,103.96506261825562,{'criterion': 'gini', 'max_depth': 3, 'max_features': 'sqrt', 'n_estimators': 150}
015,3,0,72,122.3672080039978,{'criterion': 'gini', 'max_depth': 3, 'max_features': 'log2', 'n_estimators': 25}
100,1,0,69,112.615647315979,{'criterion': 'gini', 'max_depth': 3, 'max_features': 'sqrt', 'n_estimators': 50}
060,4,0,67,105.39658999443054,{'criterion': 'gini', 'max_depth': 5, 'max_features': 'sqrt', 'n_estimators': 25}
005,1,0,60,139.8500418663025,{'criterion': 'gini', 'max_depth': 7, 'max_features': 'sqrt', 'n_estimators': 100}
100,0,0,78,132.02263259887695,{'criterion': 'gini', 'max_depth': 7, 'max_features': 'log2', 'n_estimators': 75}
060,1,0,68,141.26212692260742,{'criterion': 'gini', 'max_depth': 3, 'max_features': 'log2', 'n_estimators': 150}
005,3,0,47,152.76495265960693,{'criterion': 'gini', 'max_depth': 7, 'max_features': 'sqrt', 'n_estimators': 25}
010,3,0,61,152.21774649620056,{'criterion': 'gini', 'max_depth': 3, 'max_features': 'log2', 'n_estimators': 25}
030,0,0,65,152.07665610313416,{'criterion': 'entropy', 'max_depth': 3, 'max_features': 'sqrt', 'n_estimators': 125}
020,1,0,65,153.4011833667755,{'criterion': 'entropy', 'max_depth': 5, 'max_features': 'log2', 'n_estimators': 150}
010,2,0,64,158.47059845924377,{'criterion': 'gini', 'max_depth': 3, 'max_features': 'sqrt', 'n_estimators': 25}
100,2,0,70,146.5770616531372,{'criterion': 'entropy', 'max_depth': 3, 'max_features': 'sqrt', 'n_estimators': 75}
060,2,0,66,155.12798404693604,{'criterion': 'entropy', 'max_depth': 7, 'max_features': 'log2', 'n_estimators': 50}
030,2,0,66,147.42556238174438,{'criterion': 'entropy', 'max_depth': 3, 'max_features': 'sqrt', 'n_estimators': 125}
060,0,0,73,166.79417610168457,{'criterion': 'gini', 'max_depth': 5, 'max_features': 'log2', 'n_estimators': 125}
100,3,0,71,167.6617329120636,{'criterion': 'entropy', 'max_depth': 7, 'max_features': 'log2', 'n_estimators': 125}
015,0,0,63,197.9189121723175,{'criterion': 'gini', 'max_depth': 5, 'max_features': 'sqrt', 'n_estimators': 100}
100,4,0,61,295.0974678993225,{'criterion': 'gini', 'max_depth': 5, 'max_features': 'sqrt', 'n_estimators': 25}
020,1,0,66,90.69110655784607,{'criterion': 'entropy', 'max_depth': 3, 'max_features': 'log2', 'n_estimators': 75}
015,3,0,66,92.442800283432,{'criterion': 'entropy', 'max_depth': 5, 'max_features': 'sqrt', 'n_estimators': 125}
015,1,0,70,99.52071356773376,{'criterion': 'gini', 'max_depth': 3, 'max_features': 'log2', 'n_estimators': 125}
005,1,0,61,107.02584862709045,{'criterion': 'gini', 'max_depth': 5, 'max_features': 'sqrt', 'n_estimators': 25}
100,1,0,73,71.73190307617188,{'criterion': 'gini', 'max_depth': 3, 'max_features': 'sqrt', 'n_estimators': 100}
020,3,0,60,103.14051699638367,{'criterion': 'entropy', 'max_depth': 3, 'max_features': 'sqrt', 'n_estimators': 25}
010,2,0,68,114.03754425048828,{'criterion': 'gini', 'max_depth': 3, 'max_features': 'log2', 'n_estimators': 125}
010,4,0,67,116.39299488067627,{'criterion': 'entropy', 'max_depth': 3, 'max_features': 'sqrt', 'n_estimators': 25}
030,3,0,70,104.21121144294739,{'criterion': 'gini', 'max_depth': 7, 'max_features': 'sqrt', 'n_estimators': 75}
060,0,0,66,109.33996152877808,{'criterion': 'gini', 'max_depth': 7, 'max_features': 'sqrt', 'n_estimators': 100}
005,4,0,54,126.96704173088074,{'criterion': 'gini', 'max_depth': 5, 'max_features': 'sqrt', 'n_estimators': 150}
010,3,0,60,126.75928592681885,{'criterion': 'gini', 'max_depth': 5, 'max_features': 'sqrt', 'n_estimators': 75}
020,2,0,55,126.47452449798584,{'criterion': 'gini', 'max_depth': 5, 'max_features': 'sqrt', 'n_estimators': 75}
030,2,0,63,109.2681872844696,{'criterion': 'gini', 'max_depth': 7, 'max_features': 'log2', 'n_estimators': 25}
010,0,0,65,129.26999020576477,{'criterion': 'gini', 'max_depth': 3, 'max_features': 'sqrt', 'n_estimators': 75}
005,3,0,55,129.69844245910645,{'criterion': 'gini', 'max_depth': 7, 'max_features': 'sqrt', 'n_estimators': 50}
030,4,0,63,111.28918361663818,{'criterion': 'gini', 'max_depth': 5, 'max_features': 'sqrt', 'n_estimators': 25}
030,1,0,64,122.80897331237793,{'criterion': 'gini', 'max_depth': 3, 'max_features': 'log2', 'n_estimators': 150}
060,2,0,71,118.25719499588013,{'criterion': 'gini', 'max_depth': 3, 'max_features': 'log2', 'n_estimators': 125}
060,4,0,71,122.71136260032654,{'criterion': 'entropy', 'max_depth': 5, 'max_features': 'log2', 'n_estimators': 75}
060,3,0,68,132.08817505836487,{'criterion': 'entropy', 'max_depth': 5, 'max_features': 'log2', 'n_estimators': 100}
020,4,0,65,141.7079577445984,{'criterion': 'gini', 'max_depth': 3, 'max_features': 'sqrt', 'n_estimators': 25}
100,0,0,73,137.02851152420044,{'criterion': 'gini', 'max_depth': 7, 'max_features': 'log2', 'n_estimators': 125}
015,2,0,62,150.76077222824097,{'criterion': 'entropy', 'max_depth': 3, 'max_features': 'log2', 'n_estimators': 125}
005,2,0,62,160.9970428943634,{'criterion': 'gini', 'max_depth': 5, 'max_features': 'sqrt', 'n_estimators': 25}
015,4,0,62,161.9636914730072,{'criterion': 'entropy', 'max_depth': 3, 'max_features': 'log2', 'n_estimators': 125}
100,2,0,73,136.24536561965942,{'criterion': 'gini', 'max_depth': 5, 'max_features': 'sqrt', 'n_estimators': 75}
020,0,0,57,173.79530787467957,{'criterion': 'entropy', 'max_depth': 3, 'max_features': 'sqrt', 'n_estimators': 25}
030,0,0,68,157.42275714874268,{'criterion': 'gini', 'max_depth': 5, 'max_features': 'log2', 'n_estimators': 50}
100,4,0,71,162.50746488571167,{'criterion': 'gini', 'max_depth': 5, 'max_features': 'log2', 'n_estimators': 75}
010,1,0,56,179.55733966827393,{'criterion': 'gini', 'max_depth': 5, 'max_features': 'sqrt', 'n_estimators': 100}
100,3,0,73,159.02045798301697,{'criterion': 'entropy', 'max_depth': 3, 'max_features': 'log2', 'n_estimators': 25}
015,0,0,67,185.95524764060974,{'criterion': 'entropy', 'max_depth': 5, 'max_features': 'log2', 'n_estimators': 75}
005,0,0,65,207.19246363639832,{'criterion': 'gini', 'max_depth': 3, 'max_features': 'sqrt', 'n_estimators': 75}
060,1,0,71,219.77202367782593,{'criterion': 'gini', 'max_depth': 3, 'max_features': 'sqrt', 'n_estimators': 150}
010,3,0,59,87.5874183177948,{'criterion': 'gini', 'max_depth': 7, 'max_features': 'sqrt', 'n_estimators': 25}
030,4,0,63,87.09654951095581,{'criterion': 'entropy', 'max_depth': 3, 'max_features': 'log2', 'n_estimators': 50}
030,0,0,69,91.50157737731934,{'criterion': 'gini', 'max_depth': 3, 'max_features': 'sqrt', 'n_estimators': 25}
005,2,0,61,107.66824007034302,{'criterion': 'gini', 'max_depth': 3, 'max_features': 'sqrt', 'n_estimators': 125}
015,1,0,68,101.67102384567261,{'criterion': 'gini', 'max_depth': 3, 'max_features': 'sqrt', 'n_estimators': 75}
020,2,0,60,111.39124321937561,{'criterion': 'gini', 'max_depth': 5, 'max_features': 'log2', 'n_estimators': 75}
015,3,0,64,108.89751958847046,{'criterion': 'entropy', 'max_depth': 3, 'max_features': 'log2', 'n_estimators': 75}
010,0,0,67,114.1525387763977,{'criterion': 'entropy', 'max_depth': 3, 'max_features': 'sqrt', 'n_estimators': 75}
005,0,0,71,118.02931785583496,{'criterion': 'entropy', 'max_depth': 3, 'max_features': 'sqrt', 'n_estimators': 25}
020,1,0,62,112.98699402809143,{'criterion': 'gini', 'max_depth': 5, 'max_features': 'log2', 'n_estimators': 25}
010,4,0,65,114.67590355873108,{'criterion': 'gini', 'max_depth': 3, 'max_features': 'sqrt', 'n_estimators': 150}
005,4,0,57,115.83619666099548,{'criterion': 'entropy', 'max_depth': 3, 'max_features': 'sqrt', 'n_estimators': 50}
100,2,0,72,105.338125705719,{'criterion': 'gini', 'max_depth': 3, 'max_features': 'sqrt', 'n_estimators': 25}
010,1,0,56,115.88252758979797,{'criterion': 'entropy', 'max_depth': 5, 'max_features': 'log2', 'n_estimators': 25}
020,3,0,71,116.97712993621826,{'criterion': 'gini', 'max_depth': 5, 'max_features': 'log2', 'n_estimators': 50}
030,3,0,71,106.98154020309448,{'criterion': 'gini', 'max_depth': 3, 'max_features': 'log2', 'n_estimators': 100}
020,4,0,67,119.81157279014587,{'criterion': 'entropy', 'max_depth': 3, 'max_features': 'sqrt', 'n_estimators': 150}
060,2,0,71,125.79319024085999,{'criterion': 'entropy', 'max_depth': 3, 'max_features': 'sqrt', 'n_estimators': 25}
100,0,0,68,118.67222547531128,{'criterion': 'gini', 'max_depth': 7, 'max_features': 'sqrt', 'n_estimators': 25}
015,0,0,65,131.6731240749359,{'criterion': 'entropy', 'max_depth': 7, 'max_features': 'sqrt', 'n_estimators': 25}
020,0,0,54,129.69994354248047,{'criterion': 'gini', 'max_depth': 3, 'max_features': 'sqrt', 'n_estimators': 25}
100,1,0,70,124.22806572914124,{'criterion': 'entropy', 'max_depth': 3, 'max_features': 'log2', 'n_estimators': 100}
030,2,0,65,138.39547967910767,{'criterion': 'gini', 'max_depth': 3, 'max_features': 'sqrt', 'n_estimators': 25}
015,4,0,63,147.72443985939026,{'criterion': 'entropy', 'max_depth': 3, 'max_features': 'sqrt', 'n_estimators': 50}
030,1,0,64,143.02108764648438,{'criterion': 'gini', 'max_depth': 5, 'max_features': 'sqrt', 'n_estimators': 75}
060,3,0,71,143.24843430519104,{'criterion': 'entropy', 'max_depth': 3, 'max_features': 'sqrt', 'n_estimators': 50}
100,4,0,68,141.5286581516266,{'criterion': 'entropy', 'max_depth': 3, 'max_features': 'sqrt', 'n_estimators': 100}
015,2,0,64,158.24846529960632,{'criterion': 'entropy', 'max_depth': 5, 'max_features': 'sqrt', 'n_estimators': 50}
060,4,0,74,152.24328327178955,{'criterion': 'gini', 'max_depth': 5, 'max_features': 'log2', 'n_estimators': 50}
100,3,0,72,167.14997053146362,{'criterion': 'entropy', 'max_depth': 3, 'max_features': 'log2', 'n_estimators': 150}
005,3,0,61,178.61720609664917,{'criterion': 'gini', 'max_depth': 3, 'max_features': 'sqrt', 'n_estimators': 25}
005,1,0,53,187.35921573638916,{'criterion': 'gini', 'max_depth': 3, 'max_features': 'sqrt', 'n_estimators': 100}
060,0,0,70,175.9357340335846,{'criterion': 'gini', 'max_depth': 7, 'max_features': 'log2', 'n_estimators': 150}
060,1,0,74,193.03290581703186,{'criterion': 'gini', 'max_depth': 7, 'max_features': 'sqrt', 'n_estimators': 150}
010,2,0,63,245.6810429096222,{'criterion': 'gini', 'max_depth': 5, 'max_features': 'sqrt', 'n_estimators': 25}
010,1,0,59,91.01681923866272,{'criterion': 'gini', 'max_depth': 3, 'max_features': 'sqrt', 'n_estimators': 25}
030,4,0,69,76.24254751205444,{'criterion': 'gini', 'max_depth': 3, 'max_features': 'log2', 'n_estimators': 150}
010,2,0,63,98.45728659629822,{'criterion': 'gini', 'max_depth': 3, 'max_features': 'log2', 'n_estimators': 100}
005,4,0,60,105.19793605804443,{'criterion': 'gini', 'max_depth': 3, 'max_features': 'sqrt', 'n_estimators': 50}
015,1,0,74,101.39824748039246,{'criterion': 'gini', 'max_depth': 5, 'max_features': 'sqrt', 'n_estimators': 75}
020,4,0,70,102.64738130569458,{'criterion': 'entropy', 'max_depth': 7, 'max_features': 'log2', 'n_estimators': 125}
100,1,0,69,95.32347416877747,{'criterion': 'gini', 'max_depth': 3, 'max_features': 'log2', 'n_estimators': 25}
015,3,0,64,106.5503420829773,{'criterion': 'gini', 'max_depth': 7, 'max_features': 'sqrt', 'n_estimators': 25}
005,2,0,61,115.87427926063538,{'criterion': 'gini', 'max_depth': 3, 'max_features': 'sqrt', 'n_estimators': 25}
030,0,0,68,112.34300017356873,{'criterion': 'gini', 'max_depth': 3, 'max_features': 'log2', 'n_estimators': 25}
030,2,0,67,113.92889308929443,{'criterion': 'gini', 'max_depth': 3, 'max_features': 'log2', 'n_estimators': 125}
010,3,0,59,125.23387289047241,{'criterion': 'entropy', 'max_depth': 7, 'max_features': 'sqrt', 'n_estimators': 75}
010,4,0,67,122.97777986526489,{'criterion': 'gini', 'max_depth': 5, 'max_features': 'sqrt', 'n_estimators': 150}
060,2,0,68,119.72784924507141,{'criterion': 'gini', 'max_depth': 7, 'max_features': 'sqrt', 'n_estimators': 25}
020,0,0,60,121.93714261054993,{'criterion': 'entropy', 'max_depth': 7, 'max_features': 'log2', 'n_estimators': 50}
030,3,0,74,125.81580996513367,{'criterion': 'gini', 'max_depth': 3, 'max_features': 'sqrt', 'n_estimators': 75}
060,3,0,65,127.69176411628723,{'criterion': 'entropy', 'max_depth': 7, 'max_features': 'sqrt', 'n_estimators': 125}
060,1,0,67,121.2114372253418,{'criterion': 'gini', 'max_depth': 5, 'max_features': 'sqrt', 'n_estimators': 100}
015,2,0,60,136.47295212745667,{'criterion': 'entropy', 'max_depth': 5, 'max_features': 'log2', 'n_estimators': 50}
015,0,0,64,132.9147765636444,{'criterion': 'gini', 'max_depth': 7, 'max_features': 'sqrt', 'n_estimators': 25}
020,1,0,65,132.41774582862854,{'criterion': 'entropy', 'max_depth': 3, 'max_features': 'log2', 'n_estimators': 25}
020,3,0,67,134.72410535812378,{'criterion': 'gini', 'max_depth': 7, 'max_features': 'sqrt', 'n_estimators': 25}
060,0,0,68,108.79395413398743,{'criterion': 'gini', 'max_depth': 3, 'max_features': 'log2', 'n_estimators': 25}
100,4,0,73,133.33726930618286,{'criterion': 'entropy', 'max_depth': 3, 'max_features': 'log2', 'n_estimators': 100}
100,0,0,69,137.3875870704651,{'criterion': 'entropy', 'max_depth': 7, 'max_features': 'sqrt', 'n_estimators': 150}
060,4,0,69,148.67580127716064,{'criterion': 'gini', 'max_depth': 3, 'max_features': 'sqrt', 'n_estimators': 150}
010,0,0,70,161.01306176185608,{'criterion': 'gini', 'max_depth': 3, 'max_features': 'log2', 'n_estimators': 125}
030,1,0,67,157.69669127464294,{'criterion': 'entropy', 'max_depth': 7, 'max_features': 'log2', 'n_estimators': 125}
005,3,0,56,165.13833808898926,{'criterion': 'entropy', 'max_depth': 7, 'max_features': 'sqrt', 'n_estimators': 50}
005,0,0,58,164.80568981170654,{'criterion': 'entropy', 'max_depth': 3, 'max_features': 'sqrt', 'n_estimators': 25}
005,1,0,51,163.67603826522827,{'criterion': 'gini', 'max_depth': 5, 'max_features': 'log2', 'n_estimators': 75}
015,4,0,58,160.69806504249573,{'criterion': 'entropy', 'max_depth': 5, 'max_features': 'sqrt', 'n_estimators': 100}
020,2,0,58,160.20455741882324,{'criterion': 'gini', 'max_depth': 7, 'max_features': 'sqrt', 'n_estimators': 100}
100,2,0,75,161.47364258766174,{'criterion': 'gini', 'max_depth': 3, 'max_features': 'log2', 'n_estimators': 75}
100,3,0,70,528.3230953216553,{'criterion': 'gini', 'max_depth': 7, 'max_features': 'sqrt', 'n_estimators': 100}
015,2,0,64,102.528981924057,{'criterion': 'gini', 'max_depth': 5, 'max_features': 'sqrt', 'n_estimators': 100}
015,4,0,60,110.34916114807129,{'criterion': 'entropy', 'max_depth': 5, 'max_features': 'log2', 'n_estimators': 125}
020,0,0,58,108.16770887374878,{'criterion': 'gini', 'max_depth': 3, 'max_features': 'log2', 'n_estimators': 75}
005,2,0,61,118.07932949066162,{'criterion': 'entropy', 'max_depth': 3, 'max_features': 'log2', 'n_estimators': 75}
030,1,0,67,108.13059878349304,{'criterion': 'entropy', 'max_depth': 3, 'max_features': 'log2', 'n_estimators': 50}
020,1,0,69,116.22173810005188,{'criterion': 'gini', 'max_depth': 3, 'max_features': 'sqrt', 'n_estimators': 50}
015,1,0,67,112.53696179389954,{'criterion': 'gini', 'max_depth': 7, 'max_features': 'sqrt', 'n_estimators': 50}
010,2,0,62,118.62407088279724,{'criterion': 'gini', 'max_depth': 5, 'max_features': 'log2', 'n_estimators': 25}
030,4,0,68,114.600257396698,{'criterion': 'gini', 'max_depth': 3, 'max_features': 'log2', 'n_estimators': 75}
005,4,0,54,131.75054144859314,{'criterion': 'gini', 'max_depth': 5, 'max_features': 'log2', 'n_estimators': 50}
005,1,0,60,131.98020219802856,{'criterion': 'gini', 'max_depth': 7, 'max_features': 'sqrt', 'n_estimators': 25}
100,3,0,73,111.96193027496338,{'criterion': 'gini', 'max_depth': 3, 'max_features': 'log2', 'n_estimators': 100}
100,2,0,64,113.25129222869873,{'criterion': 'gini', 'max_depth': 3, 'max_features': 'sqrt', 'n_estimators': 25}
030,2,0,62,132.63382053375244,{'criterion': 'entropy', 'max_depth': 5, 'max_features': 'sqrt', 'n_estimators': 25}
015,0,0,63,135.8367063999176,{'criterion': 'gini', 'max_depth': 5, 'max_features': 'sqrt', 'n_estimators': 100}
100,1,0,73,122.99958157539368,{'criterion': 'gini', 'max_depth': 7, 'max_features': 'log2', 'n_estimators': 50}
060,2,0,69,137.37621450424194,{'criterion': 'entropy', 'max_depth': 3, 'max_features': 'sqrt', 'n_estimators': 50}
010,1,0,58,143.5217845439911,{'criterion': 'entropy', 'max_depth': 5, 'max_features': 'sqrt', 'n_estimators': 125}
060,0,0,71,140.88076066970825,{'criterion': 'gini', 'max_depth': 3, 'max_features': 'sqrt', 'n_estimators': 75}
010,3,0,64,151.27397274971008,{'criterion': 'entropy', 'max_depth': 3, 'max_features': 'sqrt', 'n_estimators': 50}
010,0,0,67,154.79954719543457,{'criterion': 'gini', 'max_depth': 3, 'max_features': 'log2', 'n_estimators': 75}
100,4,0,73,138.44666743278503,{'criterion': 'entropy', 'max_depth': 5, 'max_features': 'log2', 'n_estimators': 125}
060,1,0,72,143.34858536720276,{'criterion': 'entropy', 'max_depth': 5, 'max_features': 'log2', 'n_estimators': 25}
030,0,0,64,149.84082055091858,{'criterion': 'entropy', 'max_depth': 5, 'max_features': 'log2', 'n_estimators': 25}
030,3,0,74,156.89781594276428,{'criterion': 'gini', 'max_depth': 5, 'max_features': 'sqrt', 'n_estimators': 100}
020,4,0,68,161.70094394683838,{'criterion': 'gini', 'max_depth': 5, 'max_features': 'log2', 'n_estimators': 75}
010,4,0,67,167.05265164375305,{'criterion': 'gini', 'max_depth': 7, 'max_features': 'log2', 'n_estimators': 100}
005,3,0,55,177.0289454460144,{'criterion': 'gini', 'max_depth': 3, 'max_features': 'log2', 'n_estimators': 125}
020,2,0,61,173.16999769210815,{'criterion': 'entropy', 'max_depth': 5, 'max_features': 'log2', 'n_estimators': 150}
100,0,0,74,164.95178246498108,{'criterion': 'entropy', 'max_depth': 3, 'max_features': 'log2', 'n_estimators': 25}
005,0,0,67,188.56383609771729,{'criterion': 'gini', 'max_depth': 5, 'max_features': 'sqrt', 'n_estimators': 75}
060,3,0,70,175.4290452003479,{'criterion': 'entropy', 'max_depth': 3, 'max_features': 'sqrt', 'n_estimators': 50}
020,3,0,69,197.62474703788757,{'criterion': 'gini', 'max_depth': 3, 'max_features': 'log2', 'n_estimators': 50}
015,3,0,64,202.71459555625916,{'criterion': 'entropy', 'max_depth': 3, 'max_features': 'sqrt', 'n_estimators': 25}
060,4,0,64,333.9281437397003,{'criterion': 'gini', 'max_depth': 3, 'max_features': 'sqrt', 'n_estimators': 50}
