020,2,0,67,61.501465797424316,{'criterion': 'gini', 'max_depth': 7, 'max_features': 'sqrt', 'n_estimators': 150}
020,3,0,73,60.40828347206116,{'criterion': 'gini', 'max_depth': 5, 'max_features': 'sqrt', 'n_estimators': 150}
010,3,0,62,70.6819920539856,{'criterion': 'gini', 'max_depth': 3, 'max_features': 'sqrt', 'n_estimators': 125}
060,3,0,72,66.72487258911133,{'criterion': 'gini', 'max_depth': 3, 'max_features': 'sqrt', 'n_estimators': 100}
005,2,0,61,78.71725344657898,{'criterion': 'entropy', 'max_depth': 7, 'max_features': 'sqrt', 'n_estimators': 25}
060,4,0,69,76.29116535186768,{'criterion': 'gini', 'max_depth': 7, 'max_features': 'log2', 'n_estimators': 150}
030,0,0,70,79.15090894699097,{'criterion': 'entropy', 'max_depth': 3, 'max_features': 'log2', 'n_estimators': 75}
030,4,0,65,80.43310689926147,{'criterion': 'entropy', 'max_depth': 7, 'max_features': 'sqrt', 'n_estimators': 50}
020,1,0,69,81.13054275512695,{'criterion': 'entropy', 'max_depth': 3, 'max_features': 'sqrt', 'n_estimators': 50}
030,2,0,67,84.6549220085144,{'criterion': 'entropy', 'max_depth': 3, 'max_features': 'sqrt', 'n_estimators': 25}
010,1,0,44,87.75387144088745,{'criterion': 'gini', 'max_depth': 7, 'max_features': 'sqrt', 'n_estimators': 25}
005,1,0,63,93.9108018875122,{'criterion': 'entropy', 'max_depth': 7, 'max_features': 'sqrt', 'n_estimators': 25}
060,1,0,73,89.35824513435364,{'criterion': 'gini', 'max_depth': 7, 'max_features': 'sqrt', 'n_estimators': 150}
015,0,0,63,96.91466927528381,{'criterion': 'entropy', 'max_depth': 5, 'max_features': 'sqrt', 'n_estimators': 100}
060,0,0,71,97.96102213859558,{'criterion': 'gini', 'max_depth': 5, 'max_features': 'sqrt', 'n_estimators': 150}
010,0,0,63,100.76969456672668,{'criterion': 'gini', 'max_depth': 3, 'max_features': 'log2', 'n_estimators': 50}
015,2,0,62,111.92554330825806,{'criterion': 'gini', 'max_depth': 7, 'max_features': 'log2', 'n_estimators': 50}
010,2,0,70,118.74993371963501,{'criterion': 'gini', 'max_depth': 7, 'max_features': 'sqrt', 'n_estimators': 100}
020,0,0,53,119.86477994918823,{'criterion': 'gini', 'max_depth': 7, 'max_features': 'log2', 'n_estimators': 25}
030,3,0,72,123.50593543052673,{'criterion': 'gini', 'max_depth': 7, 'max_features': 'sqrt', 'n_estimators': 75}
015,4,0,61,128.56224012374878,{'criterion': 'gini', 'max_depth': 3, 'max_features': 'log2', 'n_estimators': 125}
030,1,0,69,135.63626646995544,{'criterion': 'gini', 'max_depth': 3, 'max_features': 'sqrt', 'n_estimators': 100}
005,4,0,48,152.6697645187378,{'criterion': 'gini', 'max_depth': 3, 'max_features': 'sqrt', 'n_estimators': 25}
060,2,0,72,158.31881165504456,{'criterion': 'gini', 'max_depth': 7, 'max_features': 'log2', 'n_estimators': 125}
005,0,0,58,185.13262271881104,{'criterion': 'gini', 'max_depth': 3, 'max_features': 'sqrt', 'n_estimators': 25}
015,3,0,68,184.8250150680542,{'criterion': 'gini', 'max_depth': 7, 'max_features': 'sqrt', 'n_estimators': 125}
005,3,0,61,196.7153959274292,{'criterion': 'gini', 'max_depth': 3, 'max_features': 'sqrt', 'n_estimators': 75}
020,4,0,65,220.50769114494324,{'criterion': 'gini', 'max_depth': 5, 'max_features': 'sqrt', 'n_estimators': 25}
015,1,0,67,384.3177182674408,{'criterion': 'gini', 'max_depth': 5, 'max_features': 'log2', 'n_estimators': 100}
010,4,0,61,557.0167925357819,{'criterion': 'gini', 'max_depth': 7, 'max_features': 'sqrt', 'n_estimators': 75}
020,1,0,68,148.95284295082092,{'criterion': 'gini', 'max_depth': 7, 'max_features': 'log2', 'n_estimators': 25}
005,2,0,61,174.55331873893738,{'criterion': 'gini', 'max_depth': 5, 'max_features': 'sqrt', 'n_estimators': 75}
005,1,0,59,171.58224439620972,{'criterion': 'gini', 'max_depth': 3, 'max_features': 'log2', 'n_estimators': 125}
010,3,0,61,173.9220952987671,{'criterion': 'gini', 'max_depth': 5, 'max_features': 'sqrt', 'n_estimators': 150}
005,3,0,65,176.09915614128113,{'criterion': 'gini', 'max_depth': 5, 'max_features': 'sqrt', 'n_estimators': 25}
015,1,0,61,170.71723008155823,{'criterion': 'entropy', 'max_depth': 7, 'max_features': 'log2', 'n_estimators': 50}
015,3,0,66,169.85497045516968,{'criterion': 'gini', 'max_depth': 7, 'max_features': 'sqrt', 'n_estimators': 25}
015,2,0,66,172.00186204910278,{'criterion': 'entropy', 'max_depth': 7, 'max_features': 'sqrt', 'n_estimators': 25}
020,3,0,70,165.8830714225769,{'criterion': 'gini', 'max_depth': 5, 'max_features': 'sqrt', 'n_estimators': 50}
020,2,0,66,169.14388275146484,{'criterion': 'gini', 'max_depth': 3, 'max_features': 'sqrt', 'n_estimators': 50}
030,1,0,70,156.59430122375488,{'criterion': 'gini', 'max_depth': 3, 'max_features': 'sqrt', 'n_estimators': 50}
005,4,0,68,188.98909211158752,{'criterion': 'gini', 'max_depth': 3, 'max_features': 'log2', 'n_estimators': 25}
010,4,0,63,188.020982503891,{'criterion': 'gini', 'max_depth': 3, 'max_features': 'sqrt', 'n_estimators': 100}
010,1,0,60,187.20708751678467,{'criterion': 'gini', 'max_depth': 3, 'max_features': 'sqrt', 'n_estimators': 25}
010,2,0,70,187.60366892814636,{'criterion': 'entropy', 'max_depth': 3, 'max_features': 'log2', 'n_estimators': 50}
010,0,0,70,183.82255268096924,{'criterion': 'entropy', 'max_depth': 3, 'max_features': 'log2', 'n_estimators': 100}
015,0,0,65,186.4932153224945,{'criterion': 'gini', 'max_depth': 5, 'max_features': 'sqrt', 'n_estimators': 75}
020,4,0,61,179.019944190979,{'criterion': 'gini', 'max_depth': 7, 'max_features': 'log2', 'n_estimators': 50}
030,4,0,71,172.73728895187378,{'criterion': 'entropy', 'max_depth': 7, 'max_features': 'sqrt', 'n_estimators': 25}
060,2,0,73,168.01255178451538,{'criterion': 'gini', 'max_depth': 5, 'max_features': 'sqrt', 'n_estimators': 75}
020,0,0,57,186.38539147377014,{'criterion': 'gini', 'max_depth': 3, 'max_features': 'sqrt', 'n_estimators': 25}
060,4,0,72,150.65276265144348,{'criterion': 'entropy', 'max_depth': 3, 'max_features': 'sqrt', 'n_estimators': 50}
060,1,0,78,149.63515949249268,{'criterion': 'gini', 'max_depth': 3, 'max_features': 'sqrt', 'n_estimators': 150}
005,0,0,56,201.89978885650635,{'criterion': 'entropy', 'max_depth': 3, 'max_features': 'log2', 'n_estimators': 25}
030,3,0,72,176.64110040664673,{'criterion': 'gini', 'max_depth': 3, 'max_features': 'sqrt', 'n_estimators': 150}
060,3,0,69,180.89647817611694,{'criterion': 'gini', 'max_depth': 5, 'max_features': 'sqrt', 'n_estimators': 25}
030,0,0,65,203.9876503944397,{'criterion': 'entropy', 'max_depth': 3, 'max_features': 'log2', 'n_estimators': 150}
030,2,0,63,205.93621373176575,{'criterion': 'entropy', 'max_depth': 3, 'max_features': 'sqrt', 'n_estimators': 25}
015,4,0,65,226.44329619407654,{'criterion': 'gini', 'max_depth': 3, 'max_features': 'sqrt', 'n_estimators': 25}
060,0,0,68,204.89191317558289,{'criterion': 'gini', 'max_depth': 3, 'max_features': 'log2', 'n_estimators': 150}
060,1,0,73,137.2684178352356,{'criterion': 'gini', 'max_depth': 5, 'max_features': 'sqrt', 'n_estimators': 125}
005,3,0,53,150.56777167320251,{'criterion': 'gini', 'max_depth': 7, 'max_features': 'log2', 'n_estimators': 25}
020,1,0,66,144.75405097007751,{'criterion': 'gini', 'max_depth': 5, 'max_features': 'log2', 'n_estimators': 75}
005,4,0,64,151.58612179756165,{'criterion': 'gini', 'max_depth': 5, 'max_features': 'log2', 'n_estimators': 25}
010,1,0,55,147.0350592136383,{'criterion': 'gini', 'max_depth': 5, 'max_features': 'log2', 'n_estimators': 75}
010,3,0,59,145.7463960647583,{'criterion': 'entropy', 'max_depth': 7, 'max_features': 'log2', 'n_estimators': 25}
030,3,0,68,147.29179191589355,{'criterion': 'gini', 'max_depth': 3, 'max_features': 'sqrt', 'n_estimators': 125}
010,0,0,67,158.6623821258545,{'criterion': 'entropy', 'max_depth': 5, 'max_features': 'log2', 'n_estimators': 125}
010,2,0,60,161.0220022201538,{'criterion': 'gini', 'max_depth': 3, 'max_features': 'log2', 'n_estimators': 50}
020,3,0,67,154.5076606273651,{'criterion': 'entropy', 'max_depth': 3, 'max_features': 'sqrt', 'n_estimators': 25}
015,1,0,69,156.69129133224487,{'criterion': 'gini', 'max_depth': 3, 'max_features': 'sqrt', 'n_estimators': 100}
005,0,0,60,165.33579897880554,{'criterion': 'gini', 'max_depth': 7, 'max_features': 'sqrt', 'n_estimators': 50}
030,0,0,69,162.20311403274536,{'criterion': 'gini', 'max_depth': 5, 'max_features': 'sqrt', 'n_estimators': 100}
020,0,0,59,158.97313952445984,{'criterion': 'gini', 'max_depth': 5, 'max_features': 'sqrt', 'n_estimators': 75}
020,2,0,61,162.45401573181152,{'criterion': 'gini', 'max_depth': 5, 'max_features': 'sqrt', 'n_estimators': 75}
005,1,0,67,170.36003255844116,{'criterion': 'gini', 'max_depth': 3, 'max_features': 'sqrt', 'n_estimators': 100}
015,3,0,64,173.468346118927,{'criterion': 'gini', 'max_depth': 5, 'max_features': 'sqrt', 'n_estimators': 100}
015,0,0,66,173.78644347190857,{'criterion': 'entropy', 'max_depth': 7, 'max_features': 'sqrt', 'n_estimators': 50}
010,4,0,60,181.06212425231934,{'criterion': 'gini', 'max_depth': 3, 'max_features': 'log2', 'n_estimators': 25}
030,2,0,65,177.66266798973083,{'criterion': 'gini', 'max_depth': 3, 'max_features': 'sqrt', 'n_estimators': 100}
020,4,0,65,173.64437866210938,{'criterion': 'gini', 'max_depth': 3, 'max_features': 'log2', 'n_estimators': 100}
030,4,0,63,180.14701771736145,{'criterion': 'gini', 'max_depth': 3, 'max_features': 'sqrt', 'n_estimators': 150}
060,2,0,67,147.29102873802185,{'criterion': 'gini', 'max_depth': 5, 'max_features': 'sqrt', 'n_estimators': 25}
005,2,0,61,199.11109280586243,{'criterion': 'gini', 'max_depth': 3, 'max_features': 'log2', 'n_estimators': 125}
060,0,0,74,177.06654953956604,{'criterion': 'entropy', 'max_depth': 5, 'max_features': 'sqrt', 'n_estimators': 25}
015,4,0,67,211.68188524246216,{'criterion': 'entropy', 'max_depth': 7, 'max_features': 'log2', 'n_estimators': 75}
015,2,0,73,213.2465443611145,{'criterion': 'gini', 'max_depth': 3, 'max_features': 'log2', 'n_estimators': 50}
030,1,0,70,212.09402108192444,{'criterion': 'gini', 'max_depth': 5, 'max_features': 'log2', 'n_estimators': 25}
060,4,0,69,256.19332003593445,{'criterion': 'entropy', 'max_depth': 7, 'max_features': 'sqrt', 'n_estimators': 75}
060,3,0,69,429.59774255752563,{'criterion': 'gini', 'max_depth': 3, 'max_features': 'sqrt', 'n_estimators': 25}
015,0,0,62,137.30518293380737,{'criterion': 'entropy', 'max_depth': 7, 'max_features': 'sqrt', 'n_estimators': 75}
015,3,0,70,136.41578483581543,{'criterion': 'gini', 'max_depth': 3, 'max_features': 'log2', 'n_estimators': 150}
020,4,0,65,130.3450255393982,{'criterion': 'entropy', 'max_depth': 5, 'max_features': 'log2', 'n_estimators': 25}
020,1,0,69,133.29334712028503,{'criterion': 'gini', 'max_depth': 5, 'max_features': 'log2', 'n_estimators': 100}
020,2,0,62,142.45794868469238,{'criterion': 'entropy', 'max_depth': 5, 'max_features': 'log2', 'n_estimators': 50}
010,2,0,64,149.00678730010986,{'criterion': 'gini', 'max_depth': 3, 'max_features': 'log2', 'n_estimators': 150}
005,1,0,53,152.12209677696228,{'criterion': 'gini', 'max_depth': 5, 'max_features': 'log2', 'n_estimators': 25}
010,4,0,61,146.02038550376892,{'criterion': 'gini', 'max_depth': 3, 'max_features': 'log2', 'n_estimators': 150}
005,2,0,58,156.73890686035156,{'criterion': 'gini', 'max_depth': 5, 'max_features': 'log2', 'n_estimators': 75}
010,3,0,57,154.46160173416138,{'criterion': 'gini', 'max_depth': 3, 'max_features': 'sqrt', 'n_estimators': 50}
010,1,0,66,166.59892416000366,{'criterion': 'gini', 'max_depth': 3, 'max_features': 'sqrt', 'n_estimators': 25}
020,0,0,59,160.14930295944214,{'criterion': 'gini', 'max_depth': 5, 'max_features': 'log2', 'n_estimators': 25}
060,4,0,68,142.04099416732788,{'criterion': 'gini', 'max_depth': 7, 'max_features': 'log2', 'n_estimators': 125}
015,1,0,69,167.18319749832153,{'criterion': 'entropy', 'max_depth': 7, 'max_features': 'sqrt', 'n_estimators': 125}
020,3,0,72,156.3874750137329,{'criterion': 'entropy', 'max_depth': 3, 'max_features': 'sqrt', 'n_estimators': 125}
010,0,0,71,173.5556902885437,{'criterion': 'gini', 'max_depth': 3, 'max_features': 'sqrt', 'n_estimators': 50}
005,3,0,58,174.82731795310974,{'criterion': 'gini', 'max_depth': 5, 'max_features': 'log2', 'n_estimators': 75}
015,2,0,72,173.74696898460388,{'criterion': 'entropy', 'max_depth': 7, 'max_features': 'sqrt', 'n_estimators': 50}
005,4,0,58,179.7162482738495,{'criterion': 'entropy', 'max_depth': 3, 'max_features': 'sqrt', 'n_estimators': 100}
005,0,0,59,183.4120011329651,{'criterion': 'entropy', 'max_depth': 3, 'max_features': 'sqrt', 'n_estimators': 75}
060,2,0,71,166.7875051498413,{'criterion': 'gini', 'max_depth': 3, 'max_features': 'log2', 'n_estimators': 100}
060,3,0,72,173.34944462776184,{'criterion': 'entropy', 'max_depth': 5, 'max_features': 'sqrt', 'n_estimators': 150}
015,4,0,61,184.51090574264526,{'criterion': 'gini', 'max_depth': 7, 'max_features': 'log2', 'n_estimators': 75}
060,1,0,77,151.8874773979187,{'criterion': 'gini', 'max_depth': 5, 'max_features': 'sqrt', 'n_estimators': 50}
030,0,0,70,193.7919282913208,{'criterion': 'entropy', 'max_depth': 3, 'max_features': 'log2', 'n_estimators': 100}
030,2,0,65,193.51477646827698,{'criterion': 'gini', 'max_depth': 3, 'max_features': 'log2', 'n_estimators': 50}
030,1,0,73,195.09039092063904,{'criterion': 'gini', 'max_depth': 3, 'max_features': 'sqrt', 'n_estimators': 50}
030,3,0,71,213.2107367515564,{'criterion': 'entropy', 'max_depth': 5, 'max_features': 'sqrt', 'n_estimators': 75}
060,0,0,67,326.49340772628784,{'criterion': 'gini', 'max_depth': 7, 'max_features': 'log2', 'n_estimators': 25}
030,4,0,67,350.5167672634125,{'criterion': 'gini', 'max_depth': 3, 'max_features': 'log2', 'n_estimators': 75}
010,3,0,55,120.27940654754639,{'criterion': 'gini', 'max_depth': 3, 'max_features': 'sqrt', 'n_estimators': 50}
010,2,0,67,125.69891309738159,{'criterion': 'gini', 'max_depth': 5, 'max_features': 'log2', 'n_estimators': 50}
005,1,0,61,133.7875599861145,{'criterion': 'entropy', 'max_depth': 7, 'max_features': 'log2', 'n_estimators': 25}
005,3,0,65,138.3455936908722,{'criterion': 'gini', 'max_depth': 3, 'max_features': 'log2', 'n_estimators': 75}
060,3,0,70,115.39110779762268,{'criterion': 'entropy', 'max_depth': 3, 'max_features': 'sqrt', 'n_estimators': 50}
005,2,0,62,145.7522418498993,{'criterion': 'entropy', 'max_depth': 3, 'max_features': 'sqrt', 'n_estimators': 25}
015,2,0,70,155.2837905883789,{'criterion': 'gini', 'max_depth': 5, 'max_features': 'log2', 'n_estimators': 75}
010,4,0,63,161.21672129631042,{'criterion': 'gini', 'max_depth': 7, 'max_features': 'sqrt', 'n_estimators': 50}
015,3,0,69,161.05727291107178,{'criterion': 'gini', 'max_depth': 3, 'max_features': 'sqrt', 'n_estimators': 75}
030,1,0,71,148.68488454818726,{'criterion': 'entropy', 'max_depth': 5, 'max_features': 'sqrt', 'n_estimators': 125}
030,3,0,73,147.04762935638428,{'criterion': 'gini', 'max_depth': 5, 'max_features': 'log2', 'n_estimators': 125}
060,1,0,76,152.54982447624207,{'criterion': 'gini', 'max_depth': 3, 'max_features': 'log2', 'n_estimators': 100}
030,2,0,65,164.2731773853302,{'criterion': 'gini', 'max_depth': 3, 'max_features': 'sqrt', 'n_estimators': 125}
020,1,0,71,170.128972530365,{'criterion': 'gini', 'max_depth': 3, 'max_features': 'sqrt', 'n_estimators': 125}
010,1,0,70,169.86419129371643,{'criterion': 'entropy', 'max_depth': 3, 'max_features': 'log2', 'n_estimators': 50}
020,2,0,67,165.04959845542908,{'criterion': 'gini', 'max_depth': 7, 'max_features': 'sqrt', 'n_estimators': 75}
015,1,0,64,172.21979236602783,{'criterion': 'gini', 'max_depth': 7, 'max_features': 'log2', 'n_estimators': 125}
010,0,0,68,170.60301184654236,{'criterion': 'entropy', 'max_depth': 7, 'max_features': 'log2', 'n_estimators': 25}
005,4,0,56,172.32880854606628,{'criterion': 'gini', 'max_depth': 3, 'max_features': 'sqrt', 'n_estimators': 25}
020,4,0,65,172.63595581054688,{'criterion': 'entropy', 'max_depth': 5, 'max_features': 'log2', 'n_estimators': 100}
015,0,0,63,168.55721235275269,{'criterion': 'gini', 'max_depth': 7, 'max_features': 'sqrt', 'n_estimators': 150}
020,3,0,69,175.84798288345337,{'criterion': 'gini', 'max_depth': 3, 'max_features': 'log2', 'n_estimators': 50}
005,0,0,66,178.38889074325562,{'criterion': 'entropy', 'max_depth': 5, 'max_features': 'log2', 'n_estimators': 100}
030,0,0,66,169.64052629470825,{'criterion': 'gini', 'max_depth': 5, 'max_features': 'sqrt', 'n_estimators': 75}
030,4,0,65,171.74189853668213,{'criterion': 'gini', 'max_depth': 7, 'max_features': 'sqrt', 'n_estimators': 25}
060,4,0,69,180.59172224998474,{'criterion': 'gini', 'max_depth': 5, 'max_features': 'sqrt', 'n_estimators': 25}
060,2,0,74,175.85806369781494,{'criterion': 'entropy', 'max_depth': 7, 'max_features': 'sqrt', 'n_estimators': 125}
015,4,0,63,205.2639091014862,{'criterion': 'gini', 'max_depth': 3, 'max_features': 'sqrt', 'n_estimators': 50}
020,0,0,58,218.5127546787262,{'criterion': 'entropy', 'max_depth': 3, 'max_features': 'sqrt', 'n_estimators': 75}
060,0,0,71,187.88500952720642,{'criterion': 'gini', 'max_depth': 3, 'max_features': 'log2', 'n_estimators': 25}
015,3,0,68,119.02830505371094,{'criterion': 'entropy', 'max_depth': 3, 'max_features': 'sqrt', 'n_estimators': 25}
005,3,0,65,140.35147094726562,{'criterion': 'gini', 'max_depth': 5, 'max_features': 'log2', 'n_estimators': 50}
020,0,0,59,134.89316964149475,{'criterion': 'gini', 'max_depth': 7, 'max_features': 'log2', 'n_estimators': 25}
030,4,0,66,121.24844193458557,{'criterion': 'gini', 'max_depth': 5, 'max_features': 'sqrt', 'n_estimators': 75}
005,4,0,62,155.40560579299927,{'criterion': 'gini', 'max_depth': 3, 'max_features': 'log2', 'n_estimators': 150}
005,1,0,63,159.15968894958496,{'criterion': 'gini', 'max_depth': 3, 'max_features': 'log2', 'n_estimators': 75}
010,0,0,68,163.088561296463,{'criterion': 'entropy', 'max_depth': 5, 'max_features': 'sqrt', 'n_estimators': 75}
010,1,0,50,156.09867787361145,{'criterion': 'gini', 'max_depth': 3, 'max_features': 'sqrt', 'n_estimators': 25}
030,2,0,63,155.20953798294067,{'criterion': 'gini', 'max_depth': 3, 'max_features': 'sqrt', 'n_estimators': 50}
010,3,0,65,164.85157918930054,{'criterion': 'gini', 'max_depth': 5, 'max_features': 'sqrt', 'n_estimators': 50}
010,2,0,64,166.87417554855347,{'criterion': 'gini', 'max_depth': 5, 'max_features': 'log2', 'n_estimators': 25}
020,4,0,64,159.02718877792358,{'criterion': 'gini', 'max_depth': 5, 'max_features': 'sqrt', 'n_estimators': 75}
010,4,0,60,163.15553045272827,{'criterion': 'gini', 'max_depth': 7, 'max_features': 'sqrt', 'n_estimators': 100}
060,0,0,66,126.59338212013245,{'criterion': 'gini', 'max_depth': 5, 'max_features': 'log2', 'n_estimators': 25}
015,0,0,67,163.2739760875702,{'criterion': 'gini', 'max_depth': 5, 'max_features': 'log2', 'n_estimators': 125}
015,1,0,60,167.17369604110718,{'criterion': 'gini', 'max_depth': 5, 'max_features': 'sqrt', 'n_estimators': 75}
015,4,0,68,166.3208668231964,{'criterion': 'entropy', 'max_depth': 7, 'max_features': 'sqrt', 'n_estimators': 75}
005,0,0,59,178.77289819717407,{'criterion': 'gini', 'max_depth': 5, 'max_features': 'log2', 'n_estimators': 25}
030,1,0,73,164.69783806800842,{'criterion': 'gini', 'max_depth': 5, 'max_features': 'sqrt', 'n_estimators': 75}
020,2,0,65,174.3765833377838,{'criterion': 'gini', 'max_depth': 5, 'max_features': 'log2', 'n_estimators': 75}
005,2,0,58,184.8219017982483,{'criterion': 'gini', 'max_depth': 3, 'max_features': 'sqrt', 'n_estimators': 75}
060,2,0,72,162.0440640449524,{'criterion': 'gini', 'max_depth': 5, 'max_features': 'log2', 'n_estimators': 100}
030,3,0,70,175.99132871627808,{'criterion': 'gini', 'max_depth': 3, 'max_features': 'sqrt', 'n_estimators': 125}
030,0,0,66,163.230801820755,{'criterion': 'gini', 'max_depth': 3, 'max_features': 'sqrt', 'n_estimators': 50}
060,3,0,71,155.82320261001587,{'criterion': 'entropy', 'max_depth': 3, 'max_features': 'log2', 'n_estimators': 75}
020,1,0,67,193.47800278663635,{'criterion': 'gini', 'max_depth': 3, 'max_features': 'log2', 'n_estimators': 100}
060,1,0,73,162.71162915229797,{'criterion': 'entropy', 'max_depth': 7, 'max_features': 'log2', 'n_estimators': 25}
060,4,0,72,224.8042950630188,{'criterion': 'gini', 'max_depth': 5, 'max_features': 'sqrt', 'n_estimators': 125}
020,3,0,71,275.62206077575684,{'criterion': 'entropy', 'max_depth': 7, 'max_features': 'sqrt', 'n_estimators': 50}
015,2,0,65,295.6110055446625,{'criterion': 'gini', 'max_depth': 7, 'max_features': 'log2', 'n_estimators': 75}
005,1,0,62,120.52241206169128,{'criterion': 'gini', 'max_depth': 3, 'max_features': 'sqrt', 'n_estimators': 125}
005,4,0,55,122.73658227920532,{'criterion': 'gini', 'max_depth': 7, 'max_features': 'sqrt', 'n_estimators': 150}
010,2,0,69,117.89319658279419,{'criterion': 'gini', 'max_depth': 3, 'max_features': 'sqrt', 'n_estimators': 100}
030,3,0,71,105.07920289039612,{'criterion': 'entropy', 'max_depth': 3, 'max_features': 'sqrt', 'n_estimators': 25}
015,3,0,67,129.9456980228424,{'criterion': 'entropy', 'max_depth': 7, 'max_features': 'log2', 'n_estimators': 75}
020,0,0,57,135.84519577026367,{'criterion': 'gini', 'max_depth': 3, 'max_features': 'sqrt', 'n_estimators': 75}
030,2,0,64,118.72241926193237,{'criterion': 'entropy', 'max_depth': 7, 'max_features': 'log2', 'n_estimators': 125}
030,0,0,68,121.66185116767883,{'criterion': 'gini', 'max_depth': 7, 'max_features': 'sqrt', 'n_estimators': 50}
015,4,0,63,137.96541166305542,{'criterion': 'entropy', 'max_depth': 7, 'max_features': 'log2', 'n_estimators': 25}
020,2,0,68,144.56197786331177,{'criterion': 'entropy', 'max_depth': 5, 'max_features': 'sqrt', 'n_estimators': 150}
020,4,0,61,141.47505617141724,{'criterion': 'entropy', 'max_depth': 3, 'max_features': 'log2', 'n_estimators': 25}
060,2,0,70,139.0174880027771,{'criterion': 'entropy', 'max_depth': 3, 'max_features': 'log2', 'n_estimators': 75}
005,0,0,62,151.35494565963745,{'criterion': 'gini', 'max_depth': 3, 'max_features': 'sqrt', 'n_estimators': 100}
010,0,0,67,148.65883469581604,{'criterion': 'gini', 'max_depth': 5, 'max_features': 'sqrt', 'n_estimators': 100}
060,4,0,70,137.02717542648315,{'criterion': 'gini', 'max_depth': 5, 'max_features': 'log2', 'n_estimators': 50}
015,2,0,61,147.70593404769897,{'criterion': 'entropy', 'max_depth': 3, 'max_features': 'log2', 'n_estimators': 50}
020,3,0,70,148.05952954292297,{'criterion': 'gini', 'max_depth': 3, 'max_features': 'sqrt', 'n_estimators': 25}
010,3,0,58,154.36883330345154,{'criterion': 'entropy', 'max_depth': 3, 'max_features': 'sqrt', 'n_estimators': 25}
010,4,0,60,154.92636799812317,{'criterion': 'gini', 'max_depth': 3, 'max_features': 'sqrt', 'n_estimators': 25}
015,0,0,67,154.55060935020447,{'criterion': 'gini', 'max_depth': 5, 'max_features': 'log2', 'n_estimators': 25}
005,3,0,58,159.85422444343567,{'criterion': 'entropy', 'max_depth': 3, 'max_features': 'sqrt', 'n_estimators': 25}
010,1,0,53,160.64718890190125,{'criterion': 'gini', 'max_depth': 3, 'max_features': 'sqrt', 'n_estimators': 25}
030,1,0,71,140.62590622901917,{'criterion': 'gini', 'max_depth': 3, 'max_features': 'log2', 'n_estimators': 100}
060,0,0,68,142.2058699131012,{'criterion': 'gini', 'max_depth': 3, 'max_features': 'sqrt', 'n_estimators': 150}
015,1,0,67,161.01824188232422,{'criterion': 'gini', 'max_depth': 3, 'max_features': 'log2', 'n_estimators': 75}
030,4,0,67,143.28224277496338,{'criterion': 'entropy', 'max_depth': 5, 'max_features': 'log2', 'n_estimators': 100}
060,3,0,68,175.39670372009277,{'criterion': 'gini', 'max_depth': 3, 'max_features': 'sqrt', 'n_estimators': 150}
020,1,0,67,187.6375811100006,{'criterion': 'gini', 'max_depth': 5, 'max_features': 'log2', 'n_estimators': 25}
060,1,0,71,230.34860610961914,{'criterion': 'gini', 'max_depth': 3, 'max_features': 'log2', 'n_estimators': 125}
005,2,0,59,293.3393807411194,{'criterion': 'gini', 'max_depth': 3, 'max_features': 'sqrt', 'n_estimators': 50}
005,2,0,57,118.09488010406494,{'criterion': 'gini', 'max_depth': 7, 'max_features': 'log2', 'n_estimators': 50}
005,4,0,53,119.5762631893158,{'criterion': 'gini', 'max_depth': 3, 'max_features': 'sqrt', 'n_estimators': 50}
030,0,0,67,112.46645045280457,{'criterion': 'entropy', 'max_depth': 3, 'max_features': 'sqrt', 'n_estimators': 75}
020,1,0,70,115.1251962184906,{'criterion': 'entropy', 'max_depth': 5, 'max_features': 'sqrt', 'n_estimators': 25}
060,0,0,72,102.82272672653198,{'criterion': 'gini', 'max_depth': 3, 'max_features': 'sqrt', 'n_estimators': 75}
020,0,0,61,124.80305123329163,{'criterion': 'gini', 'max_depth': 3, 'max_features': 'sqrt', 'n_estimators': 50}
015,3,0,67,126.94503045082092,{'criterion': 'entropy', 'max_depth': 5, 'max_features': 'log2', 'n_estimators': 25}
010,2,0,67,129.0290172100067,{'criterion': 'gini', 'max_depth': 3, 'max_features': 'sqrt', 'n_estimators': 125}
020,3,0,71,122.9561870098114,{'criterion': 'gini', 'max_depth': 7, 'max_features': 'sqrt', 'n_estimators': 150}
030,1,0,66,125.27528405189514,{'criterion': 'entropy', 'max_depth': 5, 'max_features': 'sqrt', 'n_estimators': 25}
015,2,0,64,135.66086649894714,{'criterion': 'gini', 'max_depth': 5, 'max_features': 'sqrt', 'n_estimators': 25}
005,1,0,56,141.7835853099823,{'criterion': 'gini', 'max_depth': 3, 'max_features': 'sqrt', 'n_estimators': 50}
010,0,0,65,132.65296745300293,{'criterion': 'gini', 'max_depth': 5, 'max_features': 'sqrt', 'n_estimators': 25}
005,0,0,64,145.06116795539856,{'criterion': 'gini', 'max_depth': 3, 'max_features': 'sqrt', 'n_estimators': 25}
060,1,0,72,136.84857177734375,{'criterion': 'gini', 'max_depth': 7, 'max_features': 'log2', 'n_estimators': 50}
030,4,0,63,139.59362030029297,{'criterion': 'gini', 'max_depth': 5, 'max_features': 'log2', 'n_estimators': 25}
010,3,0,64,145.3440809249878,{'criterion': 'entropy', 'max_depth': 3, 'max_features': 'sqrt', 'n_estimators': 50}
060,3,0,72,123.43195295333862,{'criterion': 'gini', 'max_depth': 3, 'max_features': 'log2', 'n_estimators': 100}
020,2,0,64,147.52547407150269,{'criterion': 'gini', 'max_depth': 7, 'max_features': 'sqrt', 'n_estimators': 75}
060,2,0,70,136.6544337272644,{'criterion': 'gini', 'max_depth': 3, 'max_features': 'log2', 'n_estimators': 125}
015,1,0,72,160.8011121749878,{'criterion': 'gini', 'max_depth': 5, 'max_features': 'log2', 'n_estimators': 25}
005,3,0,56,164.1294732093811,{'criterion': 'gini', 'max_depth': 5, 'max_features': 'log2', 'n_estimators': 25}
030,2,0,64,158.85645055770874,{'criterion': 'entropy', 'max_depth': 3, 'max_features': 'log2', 'n_estimators': 125}
015,4,0,60,164.26217436790466,{'criterion': 'entropy', 'max_depth': 5, 'max_features': 'log2', 'n_estimators': 125}
030,3,0,69,163.9472770690918,{'criterion': 'gini', 'max_depth': 3, 'max_features': 'log2', 'n_estimators': 25}
010,4,0,61,171.02124285697937,{'criterion': 'gini', 'max_depth': 5, 'max_features': 'sqrt', 'n_estimators': 150}
060,4,0,69,161.3290786743164,{'criterion': 'entropy', 'max_depth': 5, 'max_features': 'sqrt', 'n_estimators': 75}
015,0,0,66,193.94798302650452,{'criterion': 'entropy', 'max_depth': 7, 'max_features': 'log2', 'n_estimators': 25}
010,1,0,58,205.85618591308594,{'criterion': 'entropy', 'max_depth': 3, 'max_features': 'log2', 'n_estimators': 125}
020,4,0,62,214.8803849220276,{'criterion': 'gini', 'max_depth': 3, 'max_features': 'sqrt', 'n_estimators': 50}
020,1,0,71,114.39888978004456,{'criterion': 'gini', 'max_depth': 7, 'max_features': 'sqrt', 'n_estimators': 25}
005,3,0,74,123.39908123016357,{'criterion': 'gini', 'max_depth': 7, 'max_features': 'sqrt', 'n_estimators': 25}
060,1,0,73,80.63740992546082,{'criterion': 'entropy', 'max_depth': 7, 'max_features': 'sqrt', 'n_estimators': 150}
010,1,0,51,122.77591943740845,{'criterion': 'entropy', 'max_depth': 5, 'max_features': 'log2', 'n_estimators': 25}
005,0,0,67,130.94398736953735,{'criterion': 'gini', 'max_depth': 5, 'max_features': 'sqrt', 'n_estimators': 125}
030,3,0,72,117.3959903717041,{'criterion': 'entropy', 'max_depth': 5, 'max_features': 'sqrt', 'n_estimators': 75}
020,2,0,67,127.51981997489929,{'criterion': 'entropy', 'max_depth': 5, 'max_features': 'sqrt', 'n_estimators': 150}
010,2,0,71,139.65818572044373,{'criterion': 'gini', 'max_depth': 3, 'max_features': 'log2', 'n_estimators': 50}
010,0,0,69,144.25704312324524,{'criterion': 'gini', 'max_depth': 5, 'max_features': 'sqrt', 'n_estimators': 50}
020,4,0,60,142.15179467201233,{'criterion': 'entropy', 'max_depth': 5, 'max_features': 'log2', 'n_estimators': 50}
030,4,0,66,138.20187258720398,{'criterion': 'entropy', 'max_depth': 5, 'max_features': 'log2', 'n_estimators': 25}
015,3,0,63,143.92822575569153,{'criterion': 'entropy', 'max_depth': 3, 'max_features': 'log2', 'n_estimators': 25}
010,3,0,56,151.2199285030365,{'criterion': 'gini', 'max_depth': 3, 'max_features': 'sqrt', 'n_estimators': 50}
030,1,0,67,139.5858280658722,{'criterion': 'entropy', 'max_depth': 7, 'max_features': 'log2', 'n_estimators': 25}
015,4,0,64,149.17874002456665,{'criterion': 'gini', 'max_depth': 7, 'max_features': 'sqrt', 'n_estimators': 50}
015,0,0,66,151.41138362884521,{'criterion': 'entropy', 'max_depth': 7, 'max_features': 'sqrt', 'n_estimators': 100}
020,0,0,62,143.9633059501648,{'criterion': 'gini', 'max_depth': 3, 'max_features': 'log2', 'n_estimators': 125}
015,2,0,65,149.94190645217896,{'criterion': 'gini', 'max_depth': 5, 'max_features': 'log2', 'n_estimators': 25}
010,4,0,63,157.65221405029297,{'criterion': 'gini', 'max_depth': 3, 'max_features': 'sqrt', 'n_estimators': 25}
030,0,0,70,138.51586294174194,{'criterion': 'entropy', 'max_depth': 7, 'max_features': 'sqrt', 'n_estimators': 100}
060,0,0,72,146.22078442573547,{'criterion': 'gini', 'max_depth': 3, 'max_features': 'log2', 'n_estimators': 50}
030,2,0,70,148.87887120246887,{'criterion': 'gini', 'max_depth': 3, 'max_features': 'sqrt', 'n_estimators': 50}
005,4,0,58,170.46083164215088,{'criterion': 'gini', 'max_depth': 3, 'max_features': 'log2', 'n_estimators': 25}
015,1,0,68,165.93227744102478,{'criterion': 'gini', 'max_depth': 3, 'max_features': 'log2', 'n_estimators': 75}
060,3,0,66,152.37162685394287,{'criterion': 'gini', 'max_depth': 5, 'max_features': 'log2', 'n_estimators': 25}
060,2,0,73,176.72484302520752,{'criterion': 'entropy', 'max_depth': 5, 'max_features': 'log2', 'n_estimators': 125}
020,3,0,67,187.0201609134674,{'criterion': 'entropy', 'max_depth': 3, 'max_features': 'log2', 'n_estimators': 50}
005,1,0,67,201.59051895141602,{'criterion': 'entropy', 'max_depth': 7, 'max_features': 'sqrt', 'n_estimators': 125}
005,2,0,62,211.64903807640076,{'criterion': 'entropy', 'max_depth': 3, 'max_features': 'sqrt', 'n_estimators': 25}
060,4,0,65,208.75643682479858,{'criterion': 'entropy', 'max_depth': 5, 'max_features': 'sqrt', 'n_estimators': 75}
020,2,0,62,114.6271378993988,{'criterion': 'entropy', 'max_depth': 3, 'max_features': 'sqrt', 'n_estimators': 25}
020,1,0,70,124.9310553073883,{'criterion': 'gini', 'max_depth': 7, 'max_features': 'log2', 'n_estimators': 125}
015,0,0,68,129.73197317123413,{'criterion': 'gini', 'max_depth': 7, 'max_features': 'log2', 'n_estimators': 100}
010,1,0,52,135.65485906600952,{'criterion': 'gini', 'max_depth': 7, 'max_features': 'sqrt', 'n_estimators': 25}
020,3,0,69,127.4473705291748,{'criterion': 'gini', 'max_depth': 5, 'max_features': 'log2', 'n_estimators': 25}
030,2,0,63,124.15721726417542,{'criterion': 'gini', 'max_depth': 7, 'max_features': 'sqrt', 'n_estimators': 50}
005,4,0,53,137.64180850982666,{'criterion': 'entropy', 'max_depth': 3, 'max_features': 'log2', 'n_estimators': 25}
005,0,0,67,144.88716554641724,{'criterion': 'gini', 'max_depth': 3, 'max_features': 'sqrt', 'n_estimators': 150}
010,4,0,62,145.64675545692444,{'criterion': 'gini', 'max_depth': 3, 'max_features': 'sqrt', 'n_estimators': 25}
015,4,0,66,144.40314102172852,{'criterion': 'gini', 'max_depth': 5, 'max_features': 'log2', 'n_estimators': 125}
005,3,0,62,150.7945613861084,{'criterion': 'gini', 'max_depth': 3, 'max_features': 'sqrt', 'n_estimators': 25}
005,1,0,62,151.70732951164246,{'criterion': 'entropy', 'max_depth': 5, 'max_features': 'sqrt', 'n_estimators': 25}
010,0,0,66,147.40815567970276,{'criterion': 'gini', 'max_depth': 5, 'max_features': 'log2', 'n_estimators': 25}
015,1,0,61,149.0631799697876,{'criterion': 'entropy', 'max_depth': 7, 'max_features': 'log2', 'n_estimators': 50}
060,2,0,71,133.5845069885254,{'criterion': 'gini', 'max_depth': 7, 'max_features': 'log2', 'n_estimators': 100}
030,0,0,65,156.55761456489563,{'criterion': 'gini', 'max_depth': 5, 'max_features': 'log2', 'n_estimators': 125}
020,4,0,61,160.66417741775513,{'criterion': 'gini', 'max_depth': 5, 'max_features': 'sqrt', 'n_estimators': 125}
015,3,0,68,163.97502851486206,{'criterion': 'entropy', 'max_depth': 5, 'max_features': 'sqrt', 'n_estimators': 25}
030,1,0,74,158.14481568336487,{'criterion': 'gini', 'max_depth': 5, 'max_features': 'sqrt', 'n_estimators': 50}
010,3,0,59,166.3509922027588,{'criterion': 'gini', 'max_depth': 3, 'max_features': 'sqrt', 'n_estimators': 150}
010,2,0,64,170.63230657577515,{'criterion': 'gini', 'max_depth': 5, 'max_features': 'log2', 'n_estimators': 150}
020,0,0,58,167.45678567886353,{'criterion': 'entropy', 'max_depth': 5, 'max_features': 'log2', 'n_estimators': 50}
060,0,0,72,148.19664216041565,{'criterion': 'gini', 'max_depth': 3, 'max_features': 'sqrt', 'n_estimators': 75}
030,3,0,69,176.69529819488525,{'criterion': 'gini', 'max_depth': 7, 'max_features': 'sqrt', 'n_estimators': 75}
030,4,0,65,190.5417823791504,{'criterion': 'gini', 'max_depth': 7, 'max_features': 'sqrt', 'n_estimators': 150}
015,2,0,73,200.15544438362122,{'criterion': 'gini', 'max_depth': 5, 'max_features': 'sqrt', 'n_estimators': 25}
060,1,0,71,195.852774143219,{'criterion': 'entropy', 'max_depth': 7, 'max_features': 'log2', 'n_estimators': 50}
060,4,0,68,275.63493728637695,{'criterion': 'entropy', 'max_depth': 5, 'max_features': 'log2', 'n_estimators': 25}
060,3,0,67,331.0502679347992,{'criterion': 'entropy', 'max_depth': 7, 'max_features': 'sqrt', 'n_estimators': 25}
005,2,0,59,501.9736382961273,{'criterion': 'gini', 'max_depth': 5, 'max_features': 'sqrt', 'n_estimators': 150}
100,0,0,70,383.3269393444061,{'criterion': 'entropy', 'max_depth': 3, 'max_features': 'sqrt', 'n_estimators': 50}
100,1,0,74,396.1565568447113,{'criterion': 'gini', 'max_depth': 3, 'max_features': 'log2', 'n_estimators': 125}
100,2,0,69,418.70505142211914,{'criterion': 'entropy', 'max_depth': 7, 'max_features': 'log2', 'n_estimators': 50}
100,2,0,73,429.39610862731934,{'criterion': 'gini', 'max_depth': 3, 'max_features': 'log2', 'n_estimators': 25}
100,4,0,72,430.10991740226746,{'criterion': 'gini', 'max_depth': 3, 'max_features': 'log2', 'n_estimators': 75}
100,4,0,73,495.7620666027069,{'criterion': 'gini', 'max_depth': 3, 'max_features': 'sqrt', 'n_estimators': 50}
100,1,0,72,527.5033962726593,{'criterion': 'entropy', 'max_depth': 5, 'max_features': 'sqrt', 'n_estimators': 75}
100,3,0,72,535.604350566864,{'criterion': 'gini', 'max_depth': 5, 'max_features': 'log2', 'n_estimators': 50}
100,1,0,71,213.26539754867554,{'criterion': 'gini', 'max_depth': 3, 'max_features': 'log2', 'n_estimators': 75}
100,2,0,74,228.0438437461853,{'criterion': 'gini', 'max_depth': 3, 'max_features': 'sqrt', 'n_estimators': 100}
100,0,0,73,581.5552713871002,{'criterion': 'gini', 'max_depth': 3, 'max_features': 'sqrt', 'n_estimators': 50}
100,0,0,74,252.31541085243225,{'criterion': 'gini', 'max_depth': 3, 'max_features': 'sqrt', 'n_estimators': 75}
100,3,0,72,673.7123847007751,{'criterion': 'gini', 'max_depth': 3, 'max_features': 'sqrt', 'n_estimators': 100}
100,0,0,72,256.36369156837463,{'criterion': 'gini', 'max_depth': 3, 'max_features': 'log2', 'n_estimators': 25}
100,3,0,73,328.3915047645569,{'criterion': 'gini', 'max_depth': 3, 'max_features': 'sqrt', 'n_estimators': 100}
100,4,0,70,345.32573103904724,{'criterion': 'entropy', 'max_depth': 7, 'max_features': 'log2', 'n_estimators': 25}
100,4,0,73,560.1146099567413,{'criterion': 'entropy', 'max_depth': 7, 'max_features': 'log2', 'n_estimators': 100}
100,3,0,73,582.5192646980286,{'criterion': 'gini', 'max_depth': 5, 'max_features': 'log2', 'n_estimators': 100}
100,3,0,71,280.06644678115845,{'criterion': 'entropy', 'max_depth': 3, 'max_features': 'log2', 'n_estimators': 50}
100,1,0,76,551.7387487888336,{'criterion': 'entropy', 'max_depth': 3, 'max_features': 'sqrt', 'n_estimators': 100}
100,2,0,69,631.7029328346252,{'criterion': 'gini', 'max_depth': 7, 'max_features': 'log2', 'n_estimators': 75}
100,4,0,69,253.05201196670532,{'criterion': 'entropy', 'max_depth': 7, 'max_features': 'log2', 'n_estimators': 25}
100,2,0,72,490.691880941391,{'criterion': 'gini', 'max_depth': 7, 'max_features': 'sqrt', 'n_estimators': 75}
100,1,0,73,331.87967348098755,{'criterion': 'gini', 'max_depth': 7, 'max_features': 'sqrt', 'n_estimators': 75}
100,1,0,76,536.7595505714417,{'criterion': 'gini', 'max_depth': 3, 'max_features': 'log2', 'n_estimators': 125}
100,3,0,76,357.6851305961609,{'criterion': 'gini', 'max_depth': 5, 'max_features': 'log2', 'n_estimators': 150}
100,2,0,71,398.8300688266754,{'criterion': 'gini', 'max_depth': 7, 'max_features': 'log2', 'n_estimators': 100}
100,0,0,70,639.1353688240051,{'criterion': 'gini', 'max_depth': 7, 'max_features': 'log2', 'n_estimators': 25}
100,4,0,72,674.9004335403442,{'criterion': 'entropy', 'max_depth': 3, 'max_features': 'sqrt', 'n_estimators': 150}
100,1,0,70,275.65721368789673,{'criterion': 'entropy', 'max_depth': 5, 'max_features': 'sqrt', 'n_estimators': 25}
100,3,0,74,223.29944610595703,{'criterion': 'gini', 'max_depth': 7, 'max_features': 'sqrt', 'n_estimators': 75}
100,4,0,73,234.82739353179932,{'criterion': 'gini', 'max_depth': 5, 'max_features': 'log2', 'n_estimators': 100}
100,0,0,76,661.5702650547028,{'criterion': 'entropy', 'max_depth': 3, 'max_features': 'log2', 'n_estimators': 125}
100,1,0,74,265.52253699302673,{'criterion': 'gini', 'max_depth': 7, 'max_features': 'sqrt', 'n_estimators': 100}
100,0,0,68,464.80809783935547,{'criterion': 'gini', 'max_depth': 3, 'max_features': 'sqrt', 'n_estimators': 25}
100,0,0,71,270.00218892097473,{'criterion': 'entropy', 'max_depth': 7, 'max_features': 'log2', 'n_estimators': 50}
100,2,0,73,618.4235401153564,{'criterion': 'gini', 'max_depth': 5, 'max_features': 'sqrt', 'n_estimators': 100}
100,4,0,72,622.6668059825897,{'criterion': 'entropy', 'max_depth': 5, 'max_features': 'log2', 'n_estimators': 50}
100,3,0,73,622.086332321167,{'criterion': 'gini', 'max_depth': 3, 'max_features': 'sqrt', 'n_estimators': 75}
100,2,0,72,361.679532289505,{'criterion': 'entropy', 'max_depth': 5, 'max_features': 'log2', 'n_estimators': 50}
100,1,0,74,413.98185777664185,{'criterion': 'gini', 'max_depth': 3, 'max_features': 'sqrt', 'n_estimators': 100}
100,4,0,73,434.4204511642456,{'criterion': 'gini', 'max_depth': 3, 'max_features': 'sqrt', 'n_estimators': 75}
100,2,0,70,656.5837042331696,{'criterion': 'entropy', 'max_depth': 3, 'max_features': 'sqrt', 'n_estimators': 25}
100,2,0,72,250.62877202033997,{'criterion': 'gini', 'max_depth': 5, 'max_features': 'log2', 'n_estimators': 75}
100,1,0,73,263.02427196502686,{'criterion': 'gini', 'max_depth': 3, 'max_features': 'log2', 'n_estimators': 150}
100,0,0,76,267.1207072734833,{'criterion': 'entropy', 'max_depth': 3, 'max_features': 'sqrt', 'n_estimators': 125}
100,4,0,77,262.06287956237793,{'criterion': 'gini', 'max_depth': 7, 'max_features': 'log2', 'n_estimators': 100}
100,3,0,73,476.26958322525024,{'criterion': 'entropy', 'max_depth': 5, 'max_features': 'log2', 'n_estimators': 75}
100,0,0,68,498.7010428905487,{'criterion': 'entropy', 'max_depth': 3, 'max_features': 'log2', 'n_estimators': 50}
100,3,0,74,290.52234172821045,{'criterion': 'gini', 'max_depth': 3, 'max_features': 'log2', 'n_estimators': 50}
