005,0,0,50,15.510593175888062,{'activation': 'logistic', 'alpha': 0.0001, 'hidden_layer_sizes': (50, 50), 'learning_rate': 'constant', 'max_iter': 50000, 'solver': 'sgd'}
005,1,0,57,16.147252798080444,{'activation': 'tanh', 'alpha': 0.0001, 'hidden_layer_sizes': (25, 25), 'learning_rate': 'adaptive', 'max_iter': 5000, 'solver': 'sgd'}
005,2,0,61,15.66316533088684,{'activation': 'logistic', 'alpha': 0.0001, 'hidden_layer_sizes': (50, 50), 'learning_rate': 'adaptive', 'max_iter': 5000, 'solver': 'sgd'}
005,3,0,63,15.769346237182617,{'activation': 'logistic', 'alpha': 0.0001, 'hidden_layer_sizes': (50, 50), 'learning_rate': 'adaptive', 'max_iter': 20000, 'solver': 'sgd'}
005,4,0,50,15.665891885757446,{'activation': 'logistic', 'alpha': 0.0001, 'hidden_layer_sizes': (50,), 'learning_rate': 'invscaling', 'max_iter': 5000, 'solver': 'sgd'}
010,0,0,50,16.766281843185425,{'activation': 'logistic', 'alpha': 0.05, 'hidden_layer_sizes': (50, 50), 'learning_rate': 'adaptive', 'max_iter': 10000, 'solver': 'sgd'}
010,1,0,55,17.11551332473755,{'activation': 'logistic', 'alpha': 0.0001, 'hidden_layer_sizes': (50, 50), 'learning_rate': 'adaptive', 'max_iter': 20000, 'solver': 'sgd'}
010,2,0,69,17.247873067855835,{'activation': 'tanh', 'alpha': 0.0001, 'hidden_layer_sizes': (25,), 'learning_rate': 'constant', 'max_iter': 10000, 'solver': 'sgd'}
010,3,0,64,17.25295853614807,{'activation': 'logistic', 'alpha': 0.0001, 'hidden_layer_sizes': (50,), 'learning_rate': 'constant', 'max_iter': 50000, 'solver': 'adam'}
010,4,0,59,17.59357452392578,{'activation': 'relu', 'alpha': 0.05, 'hidden_layer_sizes': (25, 25), 'learning_rate': 'invscaling', 'max_iter': 50000, 'solver': 'sgd'}
015,0,0,55,18.852587699890137,{'activation': 'tanh', 'alpha': 0.05, 'hidden_layer_sizes': (25, 25), 'learning_rate': 'invscaling', 'max_iter': 50000, 'solver': 'sgd'}
015,1,0,58,19.370900630950928,{'activation': 'tanh', 'alpha': 0.0001, 'hidden_layer_sizes': (50, 50), 'learning_rate': 'invscaling', 'max_iter': 50000, 'solver': 'sgd'}
015,2,0,74,19.584385871887207,{'activation': 'tanh', 'alpha': 0.05, 'hidden_layer_sizes': (50, 25, 50), 'learning_rate': 'adaptive', 'max_iter': 20000, 'solver': 'adam'}
015,3,0,50,19.68244743347168,{'activation': 'relu', 'alpha': 0.05, 'hidden_layer_sizes': (25, 25), 'learning_rate': 'invscaling', 'max_iter': 10000, 'solver': 'sgd'}
015,4,0,67,19.239413261413574,{'activation': 'tanh', 'alpha': 0.05, 'hidden_layer_sizes': (50, 25, 50), 'learning_rate': 'adaptive', 'max_iter': 5000, 'solver': 'sgd'}
020,0,0,62,20.643020391464233,{'activation': 'relu', 'alpha': 0.0001, 'hidden_layer_sizes': (25,), 'learning_rate': 'invscaling', 'max_iter': 5000, 'solver': 'sgd'}
020,1,0,72,20.69194483757019,{'activation': 'tanh', 'alpha': 0.0001, 'hidden_layer_sizes': (50, 50), 'learning_rate': 'adaptive', 'max_iter': 20000, 'solver': 'sgd'}
020,2,0,56,20.44414210319519,{'activation': 'tanh', 'alpha': 0.0001, 'hidden_layer_sizes': (50, 50), 'learning_rate': 'invscaling', 'max_iter': 5000, 'solver': 'sgd'}
020,3,0,57,20.723238229751587,{'activation': 'tanh', 'alpha': 0.0001, 'hidden_layer_sizes': (50,), 'learning_rate': 'invscaling', 'max_iter': 50000, 'solver': 'sgd'}
020,4,0,73,20.410279989242554,{'activation': 'logistic', 'alpha': 0.05, 'hidden_layer_sizes': (25, 25), 'learning_rate': 'adaptive', 'max_iter': 20000, 'solver': 'adam'}
030,0,0,73,22.19564938545227,{'activation': 'tanh', 'alpha': 0.0001, 'hidden_layer_sizes': (25,), 'learning_rate': 'constant', 'max_iter': 50000, 'solver': 'adam'}
030,1,0,58,23.65326714515686,{'activation': 'relu', 'alpha': 0.0001, 'hidden_layer_sizes': (50,), 'learning_rate': 'invscaling', 'max_iter': 10000, 'solver': 'sgd'}
030,2,0,70,25.623446464538574,{'activation': 'tanh', 'alpha': 0.0001, 'hidden_layer_sizes': (25,), 'learning_rate': 'adaptive', 'max_iter': 50000, 'solver': 'sgd'}
030,3,0,68,23.655181884765625,{'activation': 'tanh', 'alpha': 0.0001, 'hidden_layer_sizes': (25, 25), 'learning_rate': 'constant', 'max_iter': 50000, 'solver': 'sgd'}
030,4,0,75,23.175845623016357,{'activation': 'tanh', 'alpha': 0.0001, 'hidden_layer_sizes': (50, 25, 50), 'learning_rate': 'constant', 'max_iter': 5000, 'solver': 'sgd'}
060,0,0,70,39.68601417541504,{'activation': 'tanh', 'alpha': 0.05, 'hidden_layer_sizes': (50, 25, 50), 'learning_rate': 'adaptive', 'max_iter': 20000, 'solver': 'sgd'}
060,1,0,76,38.06702709197998,{'activation': 'relu', 'alpha': 0.0001, 'hidden_layer_sizes': (25,), 'learning_rate': 'constant', 'max_iter': 5000, 'solver': 'sgd'}
060,2,0,74,39.35601735115051,{'activation': 'relu', 'alpha': 0.05, 'hidden_layer_sizes': (25,), 'learning_rate': 'adaptive', 'max_iter': 20000, 'solver': 'sgd'}
060,3,0,72,38.72812485694885,{'activation': 'relu', 'alpha': 0.0001, 'hidden_layer_sizes': (50,), 'learning_rate': 'adaptive', 'max_iter': 50000, 'solver': 'sgd'}
060,4,0,72,37.24713110923767,{'activation': 'logistic', 'alpha': 0.05, 'hidden_layer_sizes': (25,), 'learning_rate': 'constant', 'max_iter': 5000, 'solver': 'adam'}
100,0,0,76,67.78208637237549,{'activation': 'relu', 'alpha': 0.0001, 'hidden_layer_sizes': (50, 50), 'learning_rate': 'constant', 'max_iter': 50000, 'solver': 'sgd'}
100,1,0,73,66.88169360160828,{'activation': 'relu', 'alpha': 0.05, 'hidden_layer_sizes': (50, 25, 50), 'learning_rate': 'adaptive', 'max_iter': 10000, 'solver': 'sgd'}
100,2,0,74,68.43530464172363,{'activation': 'tanh', 'alpha': 0.0001, 'hidden_layer_sizes': (25, 25), 'learning_rate': 'constant', 'max_iter': 50000, 'solver': 'sgd'}
100,3,0,73,69.71061706542969,{'activation': 'tanh', 'alpha': 0.05, 'hidden_layer_sizes': (50, 50), 'learning_rate': 'constant', 'max_iter': 5000, 'solver': 'sgd'}
100,4,0,72,63.88686943054199,{'activation': 'logistic', 'alpha': 0.05, 'hidden_layer_sizes': (25, 25), 'learning_rate': 'constant', 'max_iter': 20000, 'solver': 'adam'}
005,0,0,60,15.714211463928223,{'activation': 'logistic', 'alpha': 0.05, 'hidden_layer_sizes': (50,), 'learning_rate': 'invscaling', 'max_iter': 50000, 'solver': 'sgd'}
005,1,0,50,17.267754793167114,{'activation': 'tanh', 'alpha': 0.0001, 'hidden_layer_sizes': (50, 50), 'learning_rate': 'invscaling', 'max_iter': 20000, 'solver': 'sgd'}
005,2,0,52,16.05203366279602,{'activation': 'relu', 'alpha': 0.05, 'hidden_layer_sizes': (25,), 'learning_rate': 'invscaling', 'max_iter': 50000, 'solver': 'sgd'}
005,3,0,58,16.0577654838562,{'activation': 'logistic', 'alpha': 0.0001, 'hidden_layer_sizes': (50,), 'learning_rate': 'invscaling', 'max_iter': 50000, 'solver': 'sgd'}
005,4,0,56,17.81882619857788,{'activation': 'relu', 'alpha': 0.05, 'hidden_layer_sizes': (50, 25, 50), 'learning_rate': 'invscaling', 'max_iter': 20000, 'solver': 'sgd'}
010,0,0,58,16.77384305000305,{'activation': 'logistic', 'alpha': 0.05, 'hidden_layer_sizes': (50, 50), 'learning_rate': 'adaptive', 'max_iter': 50000, 'solver': 'sgd'}
010,1,0,60,17.86711621284485,{'activation': 'tanh', 'alpha': 0.05, 'hidden_layer_sizes': (25,), 'learning_rate': 'invscaling', 'max_iter': 5000, 'solver': 'sgd'}
010,2,0,57,17.587631702423096,{'activation': 'tanh', 'alpha': 0.05, 'hidden_layer_sizes': (25, 25), 'learning_rate': 'invscaling', 'max_iter': 10000, 'solver': 'sgd'}
010,3,0,62,17.72868847846985,{'activation': 'tanh', 'alpha': 0.0001, 'hidden_layer_sizes': (25, 25), 'learning_rate': 'invscaling', 'max_iter': 5000, 'solver': 'sgd'}
010,4,0,57,18.470269203186035,{'activation': 'tanh', 'alpha': 0.05, 'hidden_layer_sizes': (50, 50), 'learning_rate': 'invscaling', 'max_iter': 10000, 'solver': 'sgd'}
015,0,0,57,19.23767399787903,{'activation': 'tanh', 'alpha': 0.0001, 'hidden_layer_sizes': (25,), 'learning_rate': 'invscaling', 'max_iter': 20000, 'solver': 'sgd'}
015,1,0,67,18.64110779762268,{'activation': 'tanh', 'alpha': 0.05, 'hidden_layer_sizes': (25, 25), 'learning_rate': 'constant', 'max_iter': 10000, 'solver': 'sgd'}
015,2,0,69,19.487349271774292,{'activation': 'tanh', 'alpha': 0.05, 'hidden_layer_sizes': (25, 25), 'learning_rate': 'invscaling', 'max_iter': 5000, 'solver': 'sgd'}
015,3,0,70,19.77963876724243,{'activation': 'tanh', 'alpha': 0.0001, 'hidden_layer_sizes': (50, 50), 'learning_rate': 'adaptive', 'max_iter': 50000, 'solver': 'sgd'}
015,4,0,66,18.845587491989136,{'activation': 'tanh', 'alpha': 0.05, 'hidden_layer_sizes': (25, 25), 'learning_rate': 'adaptive', 'max_iter': 10000, 'solver': 'sgd'}
020,0,0,58,20.216090440750122,{'activation': 'tanh', 'alpha': 0.0001, 'hidden_layer_sizes': (25, 25), 'learning_rate': 'invscaling', 'max_iter': 10000, 'solver': 'sgd'}
020,1,0,73,20.13304615020752,{'activation': 'relu', 'alpha': 0.0001, 'hidden_layer_sizes': (25, 25), 'learning_rate': 'constant', 'max_iter': 50000, 'solver': 'sgd'}
020,2,0,54,19.85130763053894,{'activation': 'relu', 'alpha': 0.05, 'hidden_layer_sizes': (25, 25), 'learning_rate': 'invscaling', 'max_iter': 50000, 'solver': 'sgd'}
020,3,0,59,21.251709461212158,{'activation': 'tanh', 'alpha': 0.05, 'hidden_layer_sizes': (50,), 'learning_rate': 'invscaling', 'max_iter': 20000, 'solver': 'sgd'}
020,4,0,72,19.955228567123413,{'activation': 'tanh', 'alpha': 0.0001, 'hidden_layer_sizes': (25, 25), 'learning_rate': 'invscaling', 'max_iter': 10000, 'solver': 'adam'}
030,0,0,73,22.699594974517822,{'activation': 'tanh', 'alpha': 0.05, 'hidden_layer_sizes': (25,), 'learning_rate': 'adaptive', 'max_iter': 5000, 'solver': 'sgd'}
030,1,0,68,24.173926830291748,{'activation': 'relu', 'alpha': 0.05, 'hidden_layer_sizes': (50, 50), 'learning_rate': 'adaptive', 'max_iter': 5000, 'solver': 'sgd'}
030,2,0,59,25.147090435028076,{'activation': 'relu', 'alpha': 0.0001, 'hidden_layer_sizes': (50,), 'learning_rate': 'invscaling', 'max_iter': 5000, 'solver': 'sgd'}
030,3,0,70,22.58317542076111,{'activation': 'relu', 'alpha': 0.0001, 'hidden_layer_sizes': (25,), 'learning_rate': 'constant', 'max_iter': 5000, 'solver': 'adam'}
030,4,0,72,22.85556387901306,{'activation': 'relu', 'alpha': 0.05, 'hidden_layer_sizes': (25, 25), 'learning_rate': 'constant', 'max_iter': 10000, 'solver': 'sgd'}
060,0,0,70,40.067737102508545,{'activation': 'tanh', 'alpha': 0.0001, 'hidden_layer_sizes': (50, 25, 50), 'learning_rate': 'adaptive', 'max_iter': 20000, 'solver': 'sgd'}
060,1,0,74,40.8466522693634,{'activation': 'tanh', 'alpha': 0.05, 'hidden_layer_sizes': (50, 50), 'learning_rate': 'adaptive', 'max_iter': 10000, 'solver': 'sgd'}
060,2,0,72,39.95860528945923,{'activation': 'relu', 'alpha': 0.0001, 'hidden_layer_sizes': (50,), 'learning_rate': 'adaptive', 'max_iter': 5000, 'solver': 'sgd'}
060,3,0,74,37.53624439239502,{'activation': 'logistic', 'alpha': 0.05, 'hidden_layer_sizes': (50, 25, 50), 'learning_rate': 'constant', 'max_iter': 50000, 'solver': 'adam'}
060,4,0,72,40.17843294143677,{'activation': 'tanh', 'alpha': 0.0001, 'hidden_layer_sizes': (50, 50), 'learning_rate': 'constant', 'max_iter': 20000, 'solver': 'sgd'}
100,0,0,74,63.029985666275024,{'activation': 'tanh', 'alpha': 0.05, 'hidden_layer_sizes': (50,), 'learning_rate': 'adaptive', 'max_iter': 5000, 'solver': 'adam'}
100,1,0,74,66.5432710647583,{'activation': 'relu', 'alpha': 0.0001, 'hidden_layer_sizes': (25,), 'learning_rate': 'adaptive', 'max_iter': 10000, 'solver': 'sgd'}
100,2,0,76,69.22645139694214,{'activation': 'tanh', 'alpha': 0.0001, 'hidden_layer_sizes': (50, 50), 'learning_rate': 'adaptive', 'max_iter': 5000, 'solver': 'sgd'}
100,3,0,72,63.5725154876709,{'activation': 'logistic', 'alpha': 0.0001, 'hidden_layer_sizes': (25,), 'learning_rate': 'constant', 'max_iter': 10000, 'solver': 'adam'}
100,4,0,73,62.43557667732239,{'activation': 'tanh', 'alpha': 0.05, 'hidden_layer_sizes': (25, 25), 'learning_rate': 'constant', 'max_iter': 50000, 'solver': 'adam'}
005,0,0,50,16.185506582260132,{'activation': 'logistic', 'alpha': 0.05, 'hidden_layer_sizes': (25,), 'learning_rate': 'invscaling', 'max_iter': 20000, 'solver': 'sgd'}
005,1,0,61,17.71653962135315,{'activation': 'tanh', 'alpha': 0.0001, 'hidden_layer_sizes': (50, 50), 'learning_rate': 'invscaling', 'max_iter': 5000, 'solver': 'sgd'}
005,2,0,58,17.11915683746338,{'activation': 'tanh', 'alpha': 0.0001, 'hidden_layer_sizes': (50, 50), 'learning_rate': 'invscaling', 'max_iter': 5000, 'solver': 'sgd'}
005,3,0,57,15.945075750350952,{'activation': 'logistic', 'alpha': 0.0001, 'hidden_layer_sizes': (50, 50), 'learning_rate': 'constant', 'max_iter': 20000, 'solver': 'sgd'}
005,4,0,50,15.733273983001709,{'activation': 'logistic', 'alpha': 0.0001, 'hidden_layer_sizes': (50, 50), 'learning_rate': 'adaptive', 'max_iter': 20000, 'solver': 'sgd'}
010,0,0,56,17.721182823181152,{'activation': 'tanh', 'alpha': 0.0001, 'hidden_layer_sizes': (25, 25), 'learning_rate': 'invscaling', 'max_iter': 5000, 'solver': 'sgd'}
010,1,0,50,17.030025243759155,{'activation': 'logistic', 'alpha': 0.0001, 'hidden_layer_sizes': (50,), 'learning_rate': 'invscaling', 'max_iter': 50000, 'solver': 'sgd'}
010,2,0,58,18.13654661178589,{'activation': 'tanh', 'alpha': 0.05, 'hidden_layer_sizes': (50, 25, 50), 'learning_rate': 'invscaling', 'max_iter': 5000, 'solver': 'sgd'}
010,3,0,64,17.510849237442017,{'activation': 'logistic', 'alpha': 0.0001, 'hidden_layer_sizes': (50, 25, 50), 'learning_rate': 'invscaling', 'max_iter': 10000, 'solver': 'adam'}
010,4,0,64,17.60080862045288,{'activation': 'tanh', 'alpha': 0.0001, 'hidden_layer_sizes': (25, 25), 'learning_rate': 'invscaling', 'max_iter': 50000, 'solver': 'sgd'}
015,0,0,64,19.851070642471313,{'activation': 'tanh', 'alpha': 0.0001, 'hidden_layer_sizes': (50,), 'learning_rate': 'invscaling', 'max_iter': 50000, 'solver': 'sgd'}
015,1,0,65,18.404780626296997,{'activation': 'relu', 'alpha': 0.0001, 'hidden_layer_sizes': (25,), 'learning_rate': 'constant', 'max_iter': 20000, 'solver': 'sgd'}
015,2,0,70,21.174418926239014,{'activation': 'logistic', 'alpha': 0.0001, 'hidden_layer_sizes': (50,), 'learning_rate': 'adaptive', 'max_iter': 20000, 'solver': 'sgd'}
015,3,0,68,19.860964059829712,{'activation': 'relu', 'alpha': 0.05, 'hidden_layer_sizes': (50, 50), 'learning_rate': 'constant', 'max_iter': 10000, 'solver': 'sgd'}
015,4,0,63,18.772690534591675,{'activation': 'relu', 'alpha': 0.05, 'hidden_layer_sizes': (50, 25, 50), 'learning_rate': 'adaptive', 'max_iter': 10000, 'solver': 'sgd'}
020,0,0,71,20.72702980041504,{'activation': 'relu', 'alpha': 0.0001, 'hidden_layer_sizes': (25,), 'learning_rate': 'constant', 'max_iter': 10000, 'solver': 'sgd'}
020,1,0,73,20.18173122406006,{'activation': 'tanh', 'alpha': 0.05, 'hidden_layer_sizes': (25,), 'learning_rate': 'adaptive', 'max_iter': 5000, 'solver': 'sgd'}
020,2,0,58,20.412501573562622,{'activation': 'tanh', 'alpha': 0.0001, 'hidden_layer_sizes': (50, 50), 'learning_rate': 'invscaling', 'max_iter': 5000, 'solver': 'sgd'}
020,3,0,62,20.660470724105835,{'activation': 'tanh', 'alpha': 0.05, 'hidden_layer_sizes': (50, 50), 'learning_rate': 'invscaling', 'max_iter': 50000, 'solver': 'sgd'}
020,4,0,62,20.7453293800354,{'activation': 'tanh', 'alpha': 0.0001, 'hidden_layer_sizes': (50, 50), 'learning_rate': 'invscaling', 'max_iter': 5000, 'solver': 'sgd'}
030,0,0,74,22.631103515625,{'activation': 'tanh', 'alpha': 0.0001, 'hidden_layer_sizes': (25, 25), 'learning_rate': 'adaptive', 'max_iter': 20000, 'solver': 'sgd'}
030,1,0,68,23.98178005218506,{'activation': 'tanh', 'alpha': 0.0001, 'hidden_layer_sizes': (50, 25, 50), 'learning_rate': 'constant', 'max_iter': 50000, 'solver': 'sgd'}
030,2,0,53,24.567421913146973,{'activation': 'relu', 'alpha': 0.05, 'hidden_layer_sizes': (25,), 'learning_rate': 'invscaling', 'max_iter': 50000, 'solver': 'sgd'}
030,3,0,72,23.64207887649536,{'activation': 'relu', 'alpha': 0.05, 'hidden_layer_sizes': (50, 25, 50), 'learning_rate': 'adaptive', 'max_iter': 50000, 'solver': 'sgd'}
030,4,0,74,22.593641757965088,{'activation': 'tanh', 'alpha': 0.0001, 'hidden_layer_sizes': (25,), 'learning_rate': 'constant', 'max_iter': 20000, 'solver': 'sgd'}
060,0,0,72,38.21066451072693,{'activation': 'logistic', 'alpha': 0.05, 'hidden_layer_sizes': (25, 25), 'learning_rate': 'invscaling', 'max_iter': 50000, 'solver': 'adam'}
060,1,0,58,36.80453872680664,{'activation': 'tanh', 'alpha': 0.05, 'hidden_layer_sizes': (50,), 'learning_rate': 'invscaling', 'max_iter': 5000, 'solver': 'sgd'}
060,2,0,72,38.1399667263031,{'activation': 'logistic', 'alpha': 0.05, 'hidden_layer_sizes': (25, 25), 'learning_rate': 'constant', 'max_iter': 20000, 'solver': 'adam'}
060,3,0,72,36.38412094116211,{'activation': 'relu', 'alpha': 0.0001, 'hidden_layer_sizes': (50,), 'learning_rate': 'constant', 'max_iter': 50000, 'solver': 'adam'}
060,4,0,75,38.33883357048035,{'activation': 'relu', 'alpha': 0.05, 'hidden_layer_sizes': (50,), 'learning_rate': 'constant', 'max_iter': 20000, 'solver': 'sgd'}
100,0,0,72,66.74297499656677,{'activation': 'relu', 'alpha': 0.05, 'hidden_layer_sizes': (50,), 'learning_rate': 'constant', 'max_iter': 5000, 'solver': 'sgd'}
100,1,0,73,66.6863329410553,{'activation': 'tanh', 'alpha': 0.05, 'hidden_layer_sizes': (25,), 'learning_rate': 'constant', 'max_iter': 5000, 'solver': 'sgd'}
100,2,0,73,62.161041021347046,{'activation': 'tanh', 'alpha': 0.05, 'hidden_layer_sizes': (50, 25, 50), 'learning_rate': 'adaptive', 'max_iter': 5000, 'solver': 'adam'}
100,3,0,75,68.9691514968872,{'activation': 'tanh', 'alpha': 0.0001, 'hidden_layer_sizes': (50, 50), 'learning_rate': 'adaptive', 'max_iter': 50000, 'solver': 'sgd'}
100,4,0,74,65.90278911590576,{'activation': 'tanh', 'alpha': 0.0001, 'hidden_layer_sizes': (25,), 'learning_rate': 'constant', 'max_iter': 20000, 'solver': 'sgd'}
005,0,0,48,15.438086986541748,{'activation': 'logistic', 'alpha': 0.0001, 'hidden_layer_sizes': (50,), 'learning_rate': 'invscaling', 'max_iter': 5000, 'solver': 'sgd'}
005,1,0,50,15.605656623840332,{'activation': 'logistic', 'alpha': 0.0001, 'hidden_layer_sizes': (50, 50), 'learning_rate': 'adaptive', 'max_iter': 50000, 'solver': 'sgd'}
005,2,0,62,17.45480179786682,{'activation': 'tanh', 'alpha': 0.05, 'hidden_layer_sizes': (50, 25, 50), 'learning_rate': 'invscaling', 'max_iter': 5000, 'solver': 'sgd'}
005,3,0,50,15.449872970581055,{'activation': 'logistic', 'alpha': 0.0001, 'hidden_layer_sizes': (50, 50), 'learning_rate': 'constant', 'max_iter': 20000, 'solver': 'sgd'}
005,4,0,50,15.513787031173706,{'activation': 'logistic', 'alpha': 0.0001, 'hidden_layer_sizes': (25,), 'learning_rate': 'invscaling', 'max_iter': 10000, 'solver': 'sgd'}
010,0,0,62,17.635319232940674,{'activation': 'relu', 'alpha': 0.05, 'hidden_layer_sizes': (50,), 'learning_rate': 'invscaling', 'max_iter': 5000, 'solver': 'sgd'}
010,1,0,56,17.72264266014099,{'activation': 'relu', 'alpha': 0.05, 'hidden_layer_sizes': (50, 50), 'learning_rate': 'invscaling', 'max_iter': 5000, 'solver': 'sgd'}
010,2,0,70,16.940388202667236,{'activation': 'tanh', 'alpha': 0.0001, 'hidden_layer_sizes': (50, 25, 50), 'learning_rate': 'constant', 'max_iter': 10000, 'solver': 'sgd'}
010,3,0,59,17.965506315231323,{'activation': 'tanh', 'alpha': 0.0001, 'hidden_layer_sizes': (50, 50), 'learning_rate': 'invscaling', 'max_iter': 20000, 'solver': 'sgd'}
010,4,0,65,17.606010675430298,{'activation': 'relu', 'alpha': 0.0001, 'hidden_layer_sizes': (25,), 'learning_rate': 'invscaling', 'max_iter': 5000, 'solver': 'sgd'}
015,0,0,69,18.83128046989441,{'activation': 'tanh', 'alpha': 0.0001, 'hidden_layer_sizes': (50, 50), 'learning_rate': 'adaptive', 'max_iter': 50000, 'solver': 'sgd'}
015,1,0,71,18.62451195716858,{'activation': 'tanh', 'alpha': 0.05, 'hidden_layer_sizes': (50, 25, 50), 'learning_rate': 'constant', 'max_iter': 50000, 'solver': 'sgd'}
015,2,0,73,18.620965003967285,{'activation': 'tanh', 'alpha': 0.0001, 'hidden_layer_sizes': (50, 25, 50), 'learning_rate': 'constant', 'max_iter': 20000, 'solver': 'sgd'}
015,3,0,64,19.65610694885254,{'activation': 'relu', 'alpha': 0.05, 'hidden_layer_sizes': (50,), 'learning_rate': 'invscaling', 'max_iter': 20000, 'solver': 'sgd'}
015,4,0,60,18.62328553199768,{'activation': 'tanh', 'alpha': 0.0001, 'hidden_layer_sizes': (25,), 'learning_rate': 'invscaling', 'max_iter': 5000, 'solver': 'sgd'}
020,0,0,66,19.479966640472412,{'activation': 'tanh', 'alpha': 0.0001, 'hidden_layer_sizes': (25, 25), 'learning_rate': 'adaptive', 'max_iter': 5000, 'solver': 'adam'}
020,1,0,72,19.79473614692688,{'activation': 'relu', 'alpha': 0.05, 'hidden_layer_sizes': (25, 25), 'learning_rate': 'adaptive', 'max_iter': 50000, 'solver': 'sgd'}
020,2,0,58,19.878413438796997,{'activation': 'tanh', 'alpha': 0.0001, 'hidden_layer_sizes': (50, 50), 'learning_rate': 'invscaling', 'max_iter': 20000, 'solver': 'sgd'}
020,3,0,55,20.196325302124023,{'activation': 'tanh', 'alpha': 0.05, 'hidden_layer_sizes': (50,), 'learning_rate': 'invscaling', 'max_iter': 20000, 'solver': 'sgd'}
020,4,0,61,20.174004554748535,{'activation': 'relu', 'alpha': 0.0001, 'hidden_layer_sizes': (50, 50), 'learning_rate': 'invscaling', 'max_iter': 20000, 'solver': 'sgd'}
030,0,0,73,22.29227066040039,{'activation': 'tanh', 'alpha': 0.05, 'hidden_layer_sizes': (50,), 'learning_rate': 'adaptive', 'max_iter': 5000, 'solver': 'sgd'}
030,1,0,57,22.90962505340576,{'activation': 'tanh', 'alpha': 0.05, 'hidden_layer_sizes': (50,), 'learning_rate': 'invscaling', 'max_iter': 5000, 'solver': 'sgd'}
030,2,0,70,25.146705150604248,{'activation': 'tanh', 'alpha': 0.0001, 'hidden_layer_sizes': (50, 50), 'learning_rate': 'constant', 'max_iter': 5000, 'solver': 'sgd'}
030,3,0,72,22.968799352645874,{'activation': 'relu', 'alpha': 0.05, 'hidden_layer_sizes': (25, 25), 'learning_rate': 'adaptive', 'max_iter': 20000, 'solver': 'sgd'}
030,4,0,51,22.058118104934692,{'activation': 'tanh', 'alpha': 0.0001, 'hidden_layer_sizes': (25, 25), 'learning_rate': 'invscaling', 'max_iter': 10000, 'solver': 'sgd'}
060,0,0,71,37.61752271652222,{'activation': 'tanh', 'alpha': 0.0001, 'hidden_layer_sizes': (25, 25), 'learning_rate': 'constant', 'max_iter': 10000, 'solver': 'sgd'}
060,1,0,76,38.282777547836304,{'activation': 'tanh', 'alpha': 0.0001, 'hidden_layer_sizes': (50,), 'learning_rate': 'constant', 'max_iter': 10000, 'solver': 'sgd'}
060,2,0,71,37.79815220832825,{'activation': 'relu', 'alpha': 0.0001, 'hidden_layer_sizes': (25,), 'learning_rate': 'constant', 'max_iter': 5000, 'solver': 'sgd'}
060,3,0,72,35.0966215133667,{'activation': 'relu', 'alpha': 0.05, 'hidden_layer_sizes': (50, 25, 50), 'learning_rate': 'invscaling', 'max_iter': 50000, 'solver': 'adam'}
060,4,0,71,36.56570243835449,{'activation': 'relu', 'alpha': 0.0001, 'hidden_layer_sizes': (25, 25), 'learning_rate': 'constant', 'max_iter': 50000, 'solver': 'sgd'}
100,0,0,73,65.8874123096466,{'activation': 'tanh', 'alpha': 0.05, 'hidden_layer_sizes': (50, 25, 50), 'learning_rate': 'adaptive', 'max_iter': 10000, 'solver': 'sgd'}
100,1,0,74,61.93460965156555,{'activation': 'tanh', 'alpha': 0.05, 'hidden_layer_sizes': (50, 50), 'learning_rate': 'constant', 'max_iter': 5000, 'solver': 'adam'}
100,2,0,74,64.31602883338928,{'activation': 'tanh', 'alpha': 0.05, 'hidden_layer_sizes': (25,), 'learning_rate': 'constant', 'max_iter': 50000, 'solver': 'sgd'}
100,3,0,76,66.13686347007751,{'activation': 'tanh', 'alpha': 0.0001, 'hidden_layer_sizes': (25, 25), 'learning_rate': 'constant', 'max_iter': 20000, 'solver': 'sgd'}
100,4,0,74,66.16674733161926,{'activation': 'tanh', 'alpha': 0.05, 'hidden_layer_sizes': (25, 25), 'learning_rate': 'constant', 'max_iter': 10000, 'solver': 'sgd'}
005,0,0,56,15.581792116165161,{'activation': 'logistic', 'alpha': 0.05, 'hidden_layer_sizes': (50, 50), 'learning_rate': 'adaptive', 'max_iter': 20000, 'solver': 'sgd'}
005,1,0,56,17.672138929367065,{'activation': 'relu', 'alpha': 0.05, 'hidden_layer_sizes': (50, 25, 50), 'learning_rate': 'invscaling', 'max_iter': 20000, 'solver': 'sgd'}
005,2,0,50,15.49649977684021,{'activation': 'logistic', 'alpha': 0.0001, 'hidden_layer_sizes': (25,), 'learning_rate': 'invscaling', 'max_iter': 50000, 'solver': 'sgd'}
005,3,0,68,17.895787239074707,{'activation': 'tanh', 'alpha': 0.0001, 'hidden_layer_sizes': (50, 25, 50), 'learning_rate': 'invscaling', 'max_iter': 5000, 'solver': 'sgd'}
005,4,0,50,15.44673490524292,{'activation': 'logistic', 'alpha': 0.0001, 'hidden_layer_sizes': (50,), 'learning_rate': 'invscaling', 'max_iter': 50000, 'solver': 'sgd'}
010,0,0,50,17.204150199890137,{'activation': 'relu', 'alpha': 0.0001, 'hidden_layer_sizes': (25, 25), 'learning_rate': 'invscaling', 'max_iter': 50000, 'solver': 'sgd'}
010,1,0,56,18.012276649475098,{'activation': 'tanh', 'alpha': 0.0001, 'hidden_layer_sizes': (50,), 'learning_rate': 'invscaling', 'max_iter': 50000, 'solver': 'sgd'}
010,2,0,67,17.809595584869385,{'activation': 'relu', 'alpha': 0.05, 'hidden_layer_sizes': (50, 50), 'learning_rate': 'invscaling', 'max_iter': 50000, 'solver': 'sgd'}
010,3,0,54,17.31595277786255,{'activation': 'relu', 'alpha': 0.0001, 'hidden_layer_sizes': (25,), 'learning_rate': 'invscaling', 'max_iter': 5000, 'solver': 'sgd'}
010,4,0,61,17.368805408477783,{'activation': 'tanh', 'alpha': 0.05, 'hidden_layer_sizes': (25, 25), 'learning_rate': 'invscaling', 'max_iter': 20000, 'solver': 'sgd'}
015,0,0,70,18.37201690673828,{'activation': 'relu', 'alpha': 0.05, 'hidden_layer_sizes': (25, 25), 'learning_rate': 'constant', 'max_iter': 10000, 'solver': 'sgd'}
015,1,0,66,18.007647275924683,{'activation': 'logistic', 'alpha': 0.0001, 'hidden_layer_sizes': (50,), 'learning_rate': 'constant', 'max_iter': 50000, 'solver': 'adam'}
015,2,0,72,18.282208919525146,{'activation': 'tanh', 'alpha': 0.0001, 'hidden_layer_sizes': (25,), 'learning_rate': 'constant', 'max_iter': 5000, 'solver': 'sgd'}
015,3,0,58,19.511366367340088,{'activation': 'tanh', 'alpha': 0.0001, 'hidden_layer_sizes': (50,), 'learning_rate': 'invscaling', 'max_iter': 10000, 'solver': 'sgd'}
015,4,0,65,18.111377239227295,{'activation': 'logistic', 'alpha': 0.0001, 'hidden_layer_sizes': (25, 25), 'learning_rate': 'constant', 'max_iter': 10000, 'solver': 'adam'}
020,0,0,62,20.75736117362976,{'activation': 'relu', 'alpha': 0.05, 'hidden_layer_sizes': (50,), 'learning_rate': 'invscaling', 'max_iter': 10000, 'solver': 'sgd'}
020,1,0,74,19.82272696495056,{'activation': 'relu', 'alpha': 0.0001, 'hidden_layer_sizes': (25,), 'learning_rate': 'adaptive', 'max_iter': 20000, 'solver': 'sgd'}
020,2,0,60,19.8293514251709,{'activation': 'tanh', 'alpha': 0.0001, 'hidden_layer_sizes': (50, 25, 50), 'learning_rate': 'invscaling', 'max_iter': 5000, 'solver': 'sgd'}
020,3,0,71,19.98185634613037,{'activation': 'tanh', 'alpha': 0.05, 'hidden_layer_sizes': (25,), 'learning_rate': 'adaptive', 'max_iter': 5000, 'solver': 'sgd'}
020,4,0,71,20.36392116546631,{'activation': 'tanh', 'alpha': 0.0001, 'hidden_layer_sizes': (25, 25), 'learning_rate': 'adaptive', 'max_iter': 5000, 'solver': 'sgd'}
030,0,0,72,21.68410325050354,{'activation': 'tanh', 'alpha': 0.05, 'hidden_layer_sizes': (50,), 'learning_rate': 'invscaling', 'max_iter': 50000, 'solver': 'adam'}
030,1,0,55,23.093365907669067,{'activation': 'tanh', 'alpha': 0.05, 'hidden_layer_sizes': (25,), 'learning_rate': 'invscaling', 'max_iter': 50000, 'solver': 'sgd'}
030,2,0,70,24.89430069923401,{'activation': 'tanh', 'alpha': 0.0001, 'hidden_layer_sizes': (25, 25), 'learning_rate': 'constant', 'max_iter': 5000, 'solver': 'sgd'}
030,3,0,70,23.018208503723145,{'activation': 'tanh', 'alpha': 0.0001, 'hidden_layer_sizes': (25, 25), 'learning_rate': 'constant', 'max_iter': 50000, 'solver': 'sgd'}
030,4,0,72,22.93779182434082,{'activation': 'relu', 'alpha': 0.0001, 'hidden_layer_sizes': (50, 25, 50), 'learning_rate': 'adaptive', 'max_iter': 50000, 'solver': 'sgd'}
060,0,0,73,38.99057912826538,{'activation': 'relu', 'alpha': 0.05, 'hidden_layer_sizes': (50, 50), 'learning_rate': 'constant', 'max_iter': 10000, 'solver': 'sgd'}
060,1,0,74,39.690306663513184,{'activation': 'relu', 'alpha': 0.05, 'hidden_layer_sizes': (50, 50), 'learning_rate': 'adaptive', 'max_iter': 20000, 'solver': 'sgd'}
060,2,0,74,40.037874937057495,{'activation': 'tanh', 'alpha': 0.0001, 'hidden_layer_sizes': (50, 50), 'learning_rate': 'constant', 'max_iter': 20000, 'solver': 'sgd'}
060,3,0,71,35.52923250198364,{'activation': 'tanh', 'alpha': 0.0001, 'hidden_layer_sizes': (50,), 'learning_rate': 'invscaling', 'max_iter': 50000, 'solver': 'adam'}
060,4,0,70,37.8489043712616,{'activation': 'tanh', 'alpha': 0.0001, 'hidden_layer_sizes': (50, 25, 50), 'learning_rate': 'constant', 'max_iter': 10000, 'solver': 'sgd'}
100,0,0,75,65.53073716163635,{'activation': 'relu', 'alpha': 0.0001, 'hidden_layer_sizes': (25,), 'learning_rate': 'constant', 'max_iter': 20000, 'solver': 'sgd'}
100,1,0,72,63.50013732910156,{'activation': 'logistic', 'alpha': 0.0001, 'hidden_layer_sizes': (25,), 'learning_rate': 'constant', 'max_iter': 10000, 'solver': 'adam'}
100,2,0,75,66.69876456260681,{'activation': 'tanh', 'alpha': 0.05, 'hidden_layer_sizes': (25, 25), 'learning_rate': 'adaptive', 'max_iter': 20000, 'solver': 'sgd'}
100,3,0,74,66.78463292121887,{'activation': 'tanh', 'alpha': 0.0001, 'hidden_layer_sizes': (50, 25, 50), 'learning_rate': 'constant', 'max_iter': 5000, 'solver': 'sgd'}
100,4,0,74,66.56395244598389,{'activation': 'relu', 'alpha': 0.05, 'hidden_layer_sizes': (50,), 'learning_rate': 'constant', 'max_iter': 50000, 'solver': 'sgd'}
005,0,0,64,17.469568967819214,{'activation': 'tanh', 'alpha': 0.05, 'hidden_layer_sizes': (50, 50), 'learning_rate': 'invscaling', 'max_iter': 5000, 'solver': 'sgd'}
005,1,0,57,15.721893787384033,{'activation': 'logistic', 'alpha': 0.0001, 'hidden_layer_sizes': (50, 50), 'learning_rate': 'adaptive', 'max_iter': 10000, 'solver': 'sgd'}
005,2,0,55,17.76048755645752,{'activation': 'relu', 'alpha': 0.0001, 'hidden_layer_sizes': (50, 50), 'learning_rate': 'invscaling', 'max_iter': 10000, 'solver': 'sgd'}
005,3,0,50,15.799633264541626,{'activation': 'logistic', 'alpha': 0.0001, 'hidden_layer_sizes': (50,), 'learning_rate': 'invscaling', 'max_iter': 50000, 'solver': 'sgd'}
005,4,0,49,15.197484731674194,{'activation': 'logistic', 'alpha': 0.0001, 'hidden_layer_sizes': (50, 50), 'learning_rate': 'adaptive', 'max_iter': 5000, 'solver': 'sgd'}
010,0,0,60,18.014962434768677,{'activation': 'tanh', 'alpha': 0.0001, 'hidden_layer_sizes': (50, 50), 'learning_rate': 'invscaling', 'max_iter': 10000, 'solver': 'sgd'}
010,1,0,45,16.487902402877808,{'activation': 'logistic', 'alpha': 0.0001, 'hidden_layer_sizes': (25,), 'learning_rate': 'invscaling', 'max_iter': 5000, 'solver': 'sgd'}
010,2,0,69,16.740219116210938,{'activation': 'tanh', 'alpha': 0.0001, 'hidden_layer_sizes': (25,), 'learning_rate': 'constant', 'max_iter': 10000, 'solver': 'sgd'}
010,3,0,55,17.320666790008545,{'activation': 'tanh', 'alpha': 0.05, 'hidden_layer_sizes': (25,), 'learning_rate': 'invscaling', 'max_iter': 20000, 'solver': 'sgd'}
010,4,0,50,16.6422278881073,{'activation': 'logistic', 'alpha': 0.05, 'hidden_layer_sizes': (50, 50), 'learning_rate': 'adaptive', 'max_iter': 50000, 'solver': 'sgd'}
015,0,0,71,18.562521934509277,{'activation': 'tanh', 'alpha': 0.0001, 'hidden_layer_sizes': (25, 25), 'learning_rate': 'adaptive', 'max_iter': 10000, 'solver': 'sgd'}
015,1,0,52,19.08831024169922,{'activation': 'tanh', 'alpha': 0.05, 'hidden_layer_sizes': (50, 50), 'learning_rate': 'invscaling', 'max_iter': 50000, 'solver': 'sgd'}
015,2,0,72,19.712292671203613,{'activation': 'logistic', 'alpha': 0.05, 'hidden_layer_sizes': (25,), 'learning_rate': 'constant', 'max_iter': 5000, 'solver': 'sgd'}
015,3,0,65,19.744832515716553,{'activation': 'relu', 'alpha': 0.0001, 'hidden_layer_sizes': (50,), 'learning_rate': 'invscaling', 'max_iter': 5000, 'solver': 'sgd'}
015,4,0,68,17.660344123840332,{'activation': 'relu', 'alpha': 0.0001, 'hidden_layer_sizes': (25,), 'learning_rate': 'invscaling', 'max_iter': 5000, 'solver': 'adam'}
020,0,0,62,20.034634113311768,{'activation': 'tanh', 'alpha': 0.0001, 'hidden_layer_sizes': (25,), 'learning_rate': 'invscaling', 'max_iter': 10000, 'solver': 'sgd'}
020,1,0,72,19.701868295669556,{'activation': 'tanh', 'alpha': 0.0001, 'hidden_layer_sizes': (25,), 'learning_rate': 'adaptive', 'max_iter': 10000, 'solver': 'sgd'}
020,2,0,48,19.791544675827026,{'activation': 'relu', 'alpha': 0.05, 'hidden_layer_sizes': (50, 50), 'learning_rate': 'invscaling', 'max_iter': 50000, 'solver': 'sgd'}
020,3,0,58,19.97450876235962,{'activation': 'relu', 'alpha': 0.0001, 'hidden_layer_sizes': (25,), 'learning_rate': 'invscaling', 'max_iter': 10000, 'solver': 'sgd'}
020,4,0,72,19.768539667129517,{'activation': 'logistic', 'alpha': 0.0001, 'hidden_layer_sizes': (50,), 'learning_rate': 'adaptive', 'max_iter': 5000, 'solver': 'adam'}
030,0,0,72,21.667759656906128,{'activation': 'tanh', 'alpha': 0.05, 'hidden_layer_sizes': (50,), 'learning_rate': 'constant', 'max_iter': 5000, 'solver': 'adam'}
030,1,0,57,22.38032054901123,{'activation': 'tanh', 'alpha': 0.05, 'hidden_layer_sizes': (50, 50), 'learning_rate': 'invscaling', 'max_iter': 5000, 'solver': 'sgd'}
030,2,0,56,24.33418869972229,{'activation': 'tanh', 'alpha': 0.0001, 'hidden_layer_sizes': (50,), 'learning_rate': 'invscaling', 'max_iter': 10000, 'solver': 'sgd'}
030,3,0,68,23.79255247116089,{'activation': 'tanh', 'alpha': 0.05, 'hidden_layer_sizes': (50, 25, 50), 'learning_rate': 'adaptive', 'max_iter': 5000, 'solver': 'sgd'}
030,4,0,75,22.19405174255371,{'activation': 'relu', 'alpha': 0.0001, 'hidden_layer_sizes': (25,), 'learning_rate': 'adaptive', 'max_iter': 10000, 'solver': 'sgd'}
060,0,0,74,38.76986074447632,{'activation': 'tanh', 'alpha': 0.05, 'hidden_layer_sizes': (50, 25, 50), 'learning_rate': 'adaptive', 'max_iter': 10000, 'solver': 'sgd'}
060,1,0,74,38.08660936355591,{'activation': 'relu', 'alpha': 0.0001, 'hidden_layer_sizes': (50,), 'learning_rate': 'constant', 'max_iter': 20000, 'solver': 'sgd'}
060,2,0,72,38.359761238098145,{'activation': 'relu', 'alpha': 0.05, 'hidden_layer_sizes': (25,), 'learning_rate': 'constant', 'max_iter': 5000, 'solver': 'sgd'}
060,3,0,70,35.29882454872131,{'activation': 'relu', 'alpha': 0.0001, 'hidden_layer_sizes': (50,), 'learning_rate': 'invscaling', 'max_iter': 10000, 'solver': 'adam'}
060,4,0,72,35.823753118515015,{'activation': 'logistic', 'alpha': 0.05, 'hidden_layer_sizes': (25, 25), 'learning_rate': 'invscaling', 'max_iter': 50000, 'solver': 'adam'}
100,0,0,73,66.05792045593262,{'activation': 'tanh', 'alpha': 0.0001, 'hidden_layer_sizes': (25, 25), 'learning_rate': 'adaptive', 'max_iter': 50000, 'solver': 'sgd'}
100,1,0,74,63.00170826911926,{'activation': 'tanh', 'alpha': 0.0001, 'hidden_layer_sizes': (25,), 'learning_rate': 'adaptive', 'max_iter': 20000, 'solver': 'adam'}
100,2,0,75,65.54173111915588,{'activation': 'relu', 'alpha': 0.05, 'hidden_layer_sizes': (25, 25), 'learning_rate': 'constant', 'max_iter': 20000, 'solver': 'sgd'}
100,3,0,75,69.02795124053955,{'activation': 'tanh', 'alpha': 0.0001, 'hidden_layer_sizes': (50, 50), 'learning_rate': 'adaptive', 'max_iter': 5000, 'solver': 'sgd'}
100,4,0,72,63.7523672580719,{'activation': 'logistic', 'alpha': 0.0001, 'hidden_layer_sizes': (25,), 'learning_rate': 'invscaling', 'max_iter': 5000, 'solver': 'adam'}
005,0,0,48,15.57201862335205,{'activation': 'logistic', 'alpha': 0.0001, 'hidden_layer_sizes': (50,), 'learning_rate': 'invscaling', 'max_iter': 20000, 'solver': 'sgd'}
005,1,0,58,16.87569832801819,{'activation': 'tanh', 'alpha': 0.0001, 'hidden_layer_sizes': (50,), 'learning_rate': 'invscaling', 'max_iter': 5000, 'solver': 'sgd'}
005,2,0,56,17.04317879676819,{'activation': 'tanh', 'alpha': 0.0001, 'hidden_layer_sizes': (50, 25, 50), 'learning_rate': 'invscaling', 'max_iter': 50000, 'solver': 'sgd'}
005,3,0,62,15.529194116592407,{'activation': 'logistic', 'alpha': 0.0001, 'hidden_layer_sizes': (50, 50), 'learning_rate': 'adaptive', 'max_iter': 50000, 'solver': 'sgd'}
005,4,0,50,14.991682529449463,{'activation': 'logistic', 'alpha': 0.0001, 'hidden_layer_sizes': (50,), 'learning_rate': 'invscaling', 'max_iter': 10000, 'solver': 'sgd'}
010,0,0,56,17.67767071723938,{'activation': 'tanh', 'alpha': 0.05, 'hidden_layer_sizes': (50, 50), 'learning_rate': 'invscaling', 'max_iter': 50000, 'solver': 'sgd'}
010,1,0,63,17.401409149169922,{'activation': 'tanh', 'alpha': 0.05, 'hidden_layer_sizes': (25,), 'learning_rate': 'invscaling', 'max_iter': 20000, 'solver': 'sgd'}
010,2,0,61,17.72168231010437,{'activation': 'relu', 'alpha': 0.0001, 'hidden_layer_sizes': (50, 50), 'learning_rate': 'invscaling', 'max_iter': 50000, 'solver': 'sgd'}
010,3,0,64,17.070597171783447,{'activation': 'tanh', 'alpha': 0.05, 'hidden_layer_sizes': (50,), 'learning_rate': 'constant', 'max_iter': 5000, 'solver': 'sgd'}
010,4,0,60,17.93961477279663,{'activation': 'tanh', 'alpha': 0.0001, 'hidden_layer_sizes': (50, 50), 'learning_rate': 'invscaling', 'max_iter': 5000, 'solver': 'sgd'}
015,0,0,68,18.850321769714355,{'activation': 'tanh', 'alpha': 0.05, 'hidden_layer_sizes': (50, 25, 50), 'learning_rate': 'adaptive', 'max_iter': 50000, 'solver': 'sgd'}
015,1,0,55,18.32691788673401,{'activation': 'relu', 'alpha': 0.0001, 'hidden_layer_sizes': (25, 25), 'learning_rate': 'invscaling', 'max_iter': 5000, 'solver': 'sgd'}
015,2,0,69,18.70628333091736,{'activation': 'tanh', 'alpha': 0.0001, 'hidden_layer_sizes': (50, 25, 50), 'learning_rate': 'constant', 'max_iter': 50000, 'solver': 'sgd'}
015,3,0,68,18.76929259300232,{'activation': 'tanh', 'alpha': 0.05, 'hidden_layer_sizes': (25,), 'learning_rate': 'adaptive', 'max_iter': 5000, 'solver': 'sgd'}
015,4,0,67,18.32769465446472,{'activation': 'tanh', 'alpha': 0.05, 'hidden_layer_sizes': (50, 50), 'learning_rate': 'adaptive', 'max_iter': 20000, 'solver': 'sgd'}
020,0,0,64,19.827539205551147,{'activation': 'tanh', 'alpha': 0.0001, 'hidden_layer_sizes': (25,), 'learning_rate': 'invscaling', 'max_iter': 10000, 'solver': 'sgd'}
020,1,0,73,19.887587785720825,{'activation': 'relu', 'alpha': 0.05, 'hidden_layer_sizes': (50,), 'learning_rate': 'adaptive', 'max_iter': 10000, 'solver': 'sgd'}
020,2,0,72,20.279181003570557,{'activation': 'tanh', 'alpha': 0.05, 'hidden_layer_sizes': (50, 25, 50), 'learning_rate': 'constant', 'max_iter': 20000, 'solver': 'sgd'}
020,3,0,71,20.053228616714478,{'activation': 'tanh', 'alpha': 0.0001, 'hidden_layer_sizes': (25, 25), 'learning_rate': 'adaptive', 'max_iter': 10000, 'solver': 'sgd'}
020,4,0,72,20.120198726654053,{'activation': 'tanh', 'alpha': 0.0001, 'hidden_layer_sizes': (25, 25), 'learning_rate': 'adaptive', 'max_iter': 50000, 'solver': 'sgd'}
030,0,0,74,22.300945520401,{'activation': 'tanh', 'alpha': 0.05, 'hidden_layer_sizes': (50, 50), 'learning_rate': 'constant', 'max_iter': 10000, 'solver': 'sgd'}
030,1,0,55,22.635581016540527,{'activation': 'tanh', 'alpha': 0.0001, 'hidden_layer_sizes': (50,), 'learning_rate': 'invscaling', 'max_iter': 20000, 'solver': 'sgd'}
030,2,0,55,24.163267850875854,{'activation': 'relu', 'alpha': 0.05, 'hidden_layer_sizes': (50,), 'learning_rate': 'invscaling', 'max_iter': 20000, 'solver': 'sgd'}
030,3,0,71,22.532007455825806,{'activation': 'relu', 'alpha': 0.05, 'hidden_layer_sizes': (25,), 'learning_rate': 'constant', 'max_iter': 20000, 'solver': 'sgd'}
030,4,0,74,22.217764616012573,{'activation': 'relu', 'alpha': 0.0001, 'hidden_layer_sizes': (25, 25), 'learning_rate': 'adaptive', 'max_iter': 50000, 'solver': 'sgd'}
060,0,0,71,43.49051570892334,{'activation': 'logistic', 'alpha': 0.0001, 'hidden_layer_sizes': (25,), 'learning_rate': 'constant', 'max_iter': 50000, 'solver': 'sgd'}
060,1,0,75,37.701518535614014,{'activation': 'relu', 'alpha': 0.0001, 'hidden_layer_sizes': (25,), 'learning_rate': 'constant', 'max_iter': 10000, 'solver': 'sgd'}
060,2,0,72,36.16214942932129,{'activation': 'relu', 'alpha': 0.05, 'hidden_layer_sizes': (50, 25, 50), 'learning_rate': 'constant', 'max_iter': 10000, 'solver': 'adam'}
060,3,0,73,35.6933228969574,{'activation': 'logistic', 'alpha': 0.05, 'hidden_layer_sizes': (25,), 'learning_rate': 'adaptive', 'max_iter': 10000, 'solver': 'adam'}
060,4,0,74,37.911497831344604,{'activation': 'relu', 'alpha': 0.05, 'hidden_layer_sizes': (50, 25, 50), 'learning_rate': 'adaptive', 'max_iter': 50000, 'solver': 'sgd'}
100,0,0,74,66.59521436691284,{'activation': 'relu', 'alpha': 0.05, 'hidden_layer_sizes': (50, 50), 'learning_rate': 'constant', 'max_iter': 10000, 'solver': 'sgd'}
100,1,0,76,65.97984337806702,{'activation': 'relu', 'alpha': 0.05, 'hidden_layer_sizes': (50,), 'learning_rate': 'adaptive', 'max_iter': 20000, 'solver': 'sgd'}
100,2,0,75,65.79557371139526,{'activation': 'tanh', 'alpha': 0.0001, 'hidden_layer_sizes': (25, 25), 'learning_rate': 'adaptive', 'max_iter': 20000, 'solver': 'sgd'}
100,3,0,76,65.15948677062988,{'activation': 'relu', 'alpha': 0.0001, 'hidden_layer_sizes': (25,), 'learning_rate': 'constant', 'max_iter': 10000, 'solver': 'sgd'}
100,4,0,74,61.69235277175903,{'activation': 'tanh', 'alpha': 0.05, 'hidden_layer_sizes': (50, 25, 50), 'learning_rate': 'constant', 'max_iter': 5000, 'solver': 'adam'}
005,0,0,62,15.201966047286987,{'activation': 'logistic', 'alpha': 0.0001, 'hidden_layer_sizes': (50, 50), 'learning_rate': 'adaptive', 'max_iter': 10000, 'solver': 'sgd'}
005,1,0,50,15.614518642425537,{'activation': 'logistic', 'alpha': 0.05, 'hidden_layer_sizes': (25,), 'learning_rate': 'invscaling', 'max_iter': 50000, 'solver': 'sgd'}
005,2,0,55,14.990718603134155,{'activation': 'logistic', 'alpha': 0.0001, 'hidden_layer_sizes': (50, 50), 'learning_rate': 'constant', 'max_iter': 10000, 'solver': 'sgd'}
005,3,0,65,15.8935227394104,{'activation': 'logistic', 'alpha': 0.0001, 'hidden_layer_sizes': (25,), 'learning_rate': 'adaptive', 'max_iter': 10000, 'solver': 'sgd'}
005,4,0,50,15.304902076721191,{'activation': 'logistic', 'alpha': 0.0001, 'hidden_layer_sizes': (50, 25, 50), 'learning_rate': 'constant', 'max_iter': 5000, 'solver': 'sgd'}
010,0,0,50,17.199496269226074,{'activation': 'relu', 'alpha': 0.05, 'hidden_layer_sizes': (50, 25, 50), 'learning_rate': 'invscaling', 'max_iter': 10000, 'solver': 'sgd'}
010,1,0,61,17.3297336101532,{'activation': 'relu', 'alpha': 0.0001, 'hidden_layer_sizes': (25,), 'learning_rate': 'invscaling', 'max_iter': 50000, 'solver': 'sgd'}
010,2,0,69,17.299540519714355,{'activation': 'relu', 'alpha': 0.0001, 'hidden_layer_sizes': (50, 25, 50), 'learning_rate': 'adaptive', 'max_iter': 50000, 'solver': 'sgd'}
010,3,0,62,17.525114059448242,{'activation': 'tanh', 'alpha': 0.0001, 'hidden_layer_sizes': (50,), 'learning_rate': 'invscaling', 'max_iter': 5000, 'solver': 'sgd'}
010,4,0,60,17.27581810951233,{'activation': 'relu', 'alpha': 0.0001, 'hidden_layer_sizes': (25,), 'learning_rate': 'invscaling', 'max_iter': 10000, 'solver': 'sgd'}
015,0,0,66,18.648317575454712,{'activation': 'relu', 'alpha': 0.05, 'hidden_layer_sizes': (25,), 'learning_rate': 'invscaling', 'max_iter': 5000, 'solver': 'sgd'}
015,1,0,62,18.152384757995605,{'activation': 'tanh', 'alpha': 0.05, 'hidden_layer_sizes': (50, 25, 50), 'learning_rate': 'invscaling', 'max_iter': 10000, 'solver': 'sgd'}
015,2,0,71,18.48780345916748,{'activation': 'relu', 'alpha': 0.05, 'hidden_layer_sizes': (25, 25), 'learning_rate': 'adaptive', 'max_iter': 50000, 'solver': 'sgd'}
015,3,0,68,20.036425828933716,{'activation': 'tanh', 'alpha': 0.0001, 'hidden_layer_sizes': (50,), 'learning_rate': 'invscaling', 'max_iter': 20000, 'solver': 'sgd'}
015,4,0,61,18.260925769805908,{'activation': 'tanh', 'alpha': 0.05, 'hidden_layer_sizes': (25, 25), 'learning_rate': 'invscaling', 'max_iter': 50000, 'solver': 'sgd'}
020,0,0,62,19.805168867111206,{'activation': 'relu', 'alpha': 0.0001, 'hidden_layer_sizes': (25,), 'learning_rate': 'invscaling', 'max_iter': 50000, 'solver': 'sgd'}
020,1,0,58,19.759856939315796,{'activation': 'tanh', 'alpha': 0.0001, 'hidden_layer_sizes': (25,), 'learning_rate': 'invscaling', 'max_iter': 5000, 'solver': 'sgd'}
020,2,0,57,19.72067165374756,{'activation': 'tanh', 'alpha': 0.05, 'hidden_layer_sizes': (25,), 'learning_rate': 'invscaling', 'max_iter': 10000, 'solver': 'sgd'}
020,3,0,70,19.78125286102295,{'activation': 'logistic', 'alpha': 0.05, 'hidden_layer_sizes': (50, 50), 'learning_rate': 'adaptive', 'max_iter': 5000, 'solver': 'adam'}
020,4,0,57,20.053030729293823,{'activation': 'relu', 'alpha': 0.05, 'hidden_layer_sizes': (25,), 'learning_rate': 'invscaling', 'max_iter': 5000, 'solver': 'sgd'}
030,0,0,68,22.406118154525757,{'activation': 'relu', 'alpha': 0.05, 'hidden_layer_sizes': (50, 25, 50), 'learning_rate': 'adaptive', 'max_iter': 10000, 'solver': 'sgd'}
030,1,0,60,22.711548566818237,{'activation': 'relu', 'alpha': 0.05, 'hidden_layer_sizes': (50,), 'learning_rate': 'invscaling', 'max_iter': 5000, 'solver': 'sgd'}
030,2,0,69,24.615700244903564,{'activation': 'tanh', 'alpha': 0.0001, 'hidden_layer_sizes': (25,), 'learning_rate': 'constant', 'max_iter': 50000, 'solver': 'sgd'}
030,3,0,69,22.139976263046265,{'activation': 'tanh', 'alpha': 0.0001, 'hidden_layer_sizes': (50,), 'learning_rate': 'constant', 'max_iter': 50000, 'solver': 'adam'}
030,4,0,74,22.37798762321472,{'activation': 'relu', 'alpha': 0.0001, 'hidden_layer_sizes': (50, 50), 'learning_rate': 'constant', 'max_iter': 50000, 'solver': 'sgd'}
060,0,0,72,38.64513802528381,{'activation': 'tanh', 'alpha': 0.0001, 'hidden_layer_sizes': (50,), 'learning_rate': 'constant', 'max_iter': 10000, 'solver': 'sgd'}
060,1,0,73,36.02886152267456,{'activation': 'relu', 'alpha': 0.05, 'hidden_layer_sizes': (25,), 'learning_rate': 'invscaling', 'max_iter': 10000, 'solver': 'adam'}
060,2,0,75,36.032126665115356,{'activation': 'relu', 'alpha': 0.0001, 'hidden_layer_sizes': (50, 50), 'learning_rate': 'adaptive', 'max_iter': 50000, 'solver': 'adam'}
060,3,0,71,34.70028018951416,{'activation': 'relu', 'alpha': 0.05, 'hidden_layer_sizes': (25, 25), 'learning_rate': 'constant', 'max_iter': 50000, 'solver': 'adam'}
060,4,0,72,37.27738308906555,{'activation': 'tanh', 'alpha': 0.05, 'hidden_layer_sizes': (25,), 'learning_rate': 'adaptive', 'max_iter': 10000, 'solver': 'sgd'}
100,0,0,74,64.89125490188599,{'activation': 'relu', 'alpha': 0.0001, 'hidden_layer_sizes': (25,), 'learning_rate': 'adaptive', 'max_iter': 20000, 'solver': 'sgd'}
100,1,0,73,66.06137418746948,{'activation': 'tanh', 'alpha': 0.05, 'hidden_layer_sizes': (50,), 'learning_rate': 'constant', 'max_iter': 10000, 'solver': 'sgd'}
100,2,0,75,66.10686349868774,{'activation': 'tanh', 'alpha': 0.05, 'hidden_layer_sizes': (25,), 'learning_rate': 'adaptive', 'max_iter': 10000, 'solver': 'sgd'}
100,3,0,74,73.17467641830444,{'activation': 'logistic', 'alpha': 0.0001, 'hidden_layer_sizes': (50,), 'learning_rate': 'adaptive', 'max_iter': 50000, 'solver': 'sgd'}
100,4,0,74,65.34576082229614,{'activation': 'tanh', 'alpha': 0.05, 'hidden_layer_sizes': (25, 25), 'learning_rate': 'constant', 'max_iter': 50000, 'solver': 'sgd'}
005,0,0,50,15.450847864151001,{'activation': 'logistic', 'alpha': 0.05, 'hidden_layer_sizes': (25,), 'learning_rate': 'invscaling', 'max_iter': 5000, 'solver': 'sgd'}
005,1,0,58,17.36630892753601,{'activation': 'tanh', 'alpha': 0.05, 'hidden_layer_sizes': (50, 25, 50), 'learning_rate': 'invscaling', 'max_iter': 5000, 'solver': 'sgd'}
005,2,0,51,15.133792638778687,{'activation': 'logistic', 'alpha': 0.0001, 'hidden_layer_sizes': (25,), 'learning_rate': 'invscaling', 'max_iter': 50000, 'solver': 'sgd'}
005,3,0,50,15.728962898254395,{'activation': 'logistic', 'alpha': 0.0001, 'hidden_layer_sizes': (25,), 'learning_rate': 'invscaling', 'max_iter': 10000, 'solver': 'sgd'}
005,4,0,50,15.407068014144897,{'activation': 'logistic', 'alpha': 0.0001, 'hidden_layer_sizes': (50,), 'learning_rate': 'invscaling', 'max_iter': 10000, 'solver': 'sgd'}
010,0,0,68,16.887047052383423,{'activation': 'tanh', 'alpha': 0.0001, 'hidden_layer_sizes': (25, 25), 'learning_rate': 'constant', 'max_iter': 10000, 'solver': 'sgd'}
010,1,0,40,16.630772352218628,{'activation': 'logistic', 'alpha': 0.0001, 'hidden_layer_sizes': (50, 50), 'learning_rate': 'adaptive', 'max_iter': 50000, 'solver': 'sgd'}
010,2,0,71,17.1133816242218,{'activation': 'tanh', 'alpha': 0.05, 'hidden_layer_sizes': (50, 50), 'learning_rate': 'constant', 'max_iter': 10000, 'solver': 'sgd'}
010,3,0,64,16.974732398986816,{'activation': 'relu', 'alpha': 0.05, 'hidden_layer_sizes': (50, 25, 50), 'learning_rate': 'constant', 'max_iter': 10000, 'solver': 'sgd'}
010,4,0,66,17.288275957107544,{'activation': 'tanh', 'alpha': 0.05, 'hidden_layer_sizes': (25,), 'learning_rate': 'invscaling', 'max_iter': 10000, 'solver': 'sgd'}
015,0,0,52,17.97326683998108,{'activation': 'logistic', 'alpha': 0.05, 'hidden_layer_sizes': (50, 50), 'learning_rate': 'adaptive', 'max_iter': 10000, 'solver': 'sgd'}
015,1,0,66,18.404975652694702,{'activation': 'tanh', 'alpha': 0.05, 'hidden_layer_sizes': (25, 25), 'learning_rate': 'constant', 'max_iter': 50000, 'solver': 'sgd'}
015,2,0,70,18.538325548171997,{'activation': 'relu', 'alpha': 0.0001, 'hidden_layer_sizes': (50, 50), 'learning_rate': 'constant', 'max_iter': 20000, 'solver': 'sgd'}
015,3,0,52,19.10193133354187,{'activation': 'tanh', 'alpha': 0.0001, 'hidden_layer_sizes': (25,), 'learning_rate': 'invscaling', 'max_iter': 10000, 'solver': 'sgd'}
015,4,0,64,18.8312087059021,{'activation': 'tanh', 'alpha': 0.0001, 'hidden_layer_sizes': (50,), 'learning_rate': 'invscaling', 'max_iter': 20000, 'solver': 'sgd'}
020,0,0,58,20.10430121421814,{'activation': 'tanh', 'alpha': 0.0001, 'hidden_layer_sizes': (50, 25, 50), 'learning_rate': 'invscaling', 'max_iter': 50000, 'solver': 'sgd'}
020,1,0,71,19.630371570587158,{'activation': 'logistic', 'alpha': 0.0001, 'hidden_layer_sizes': (25, 25), 'learning_rate': 'invscaling', 'max_iter': 5000, 'solver': 'adam'}
020,2,0,72,20.269857168197632,{'activation': 'relu', 'alpha': 0.0001, 'hidden_layer_sizes': (50, 50), 'learning_rate': 'adaptive', 'max_iter': 5000, 'solver': 'sgd'}
020,3,0,69,20.690118551254272,{'activation': 'tanh', 'alpha': 0.05, 'hidden_layer_sizes': (50, 25, 50), 'learning_rate': 'adaptive', 'max_iter': 10000, 'solver': 'adam'}
020,4,0,72,20.583340167999268,{'activation': 'tanh', 'alpha': 0.05, 'hidden_layer_sizes': (50, 50), 'learning_rate': 'adaptive', 'max_iter': 10000, 'solver': 'sgd'}
030,0,0,72,22.762845277786255,{'activation': 'tanh', 'alpha': 0.05, 'hidden_layer_sizes': (50,), 'learning_rate': 'adaptive', 'max_iter': 10000, 'solver': 'sgd'}
030,1,0,69,23.49756622314453,{'activation': 'tanh', 'alpha': 0.05, 'hidden_layer_sizes': (50, 25, 50), 'learning_rate': 'constant', 'max_iter': 10000, 'solver': 'sgd'}
030,2,0,57,23.938800811767578,{'activation': 'tanh', 'alpha': 0.0001, 'hidden_layer_sizes': (50, 25, 50), 'learning_rate': 'invscaling', 'max_iter': 5000, 'solver': 'sgd'}
030,3,0,70,22.14415669441223,{'activation': 'logistic', 'alpha': 0.0001, 'hidden_layer_sizes': (25,), 'learning_rate': 'adaptive', 'max_iter': 5000, 'solver': 'adam'}
030,4,0,72,22.057597160339355,{'activation': 'relu', 'alpha': 0.0001, 'hidden_layer_sizes': (25,), 'learning_rate': 'adaptive', 'max_iter': 50000, 'solver': 'sgd'}
060,0,0,73,38.06177520751953,{'activation': 'relu', 'alpha': 0.05, 'hidden_layer_sizes': (50,), 'learning_rate': 'adaptive', 'max_iter': 20000, 'solver': 'sgd'}
060,1,0,76,37.875961780548096,{'activation': 'relu', 'alpha': 0.05, 'hidden_layer_sizes': (25,), 'learning_rate': 'constant', 'max_iter': 10000, 'solver': 'sgd'}
060,2,0,72,39.367302656173706,{'activation': 'tanh', 'alpha': 0.0001, 'hidden_layer_sizes': (50, 25, 50), 'learning_rate': 'constant', 'max_iter': 50000, 'solver': 'sgd'}
060,3,0,71,35.119704484939575,{'activation': 'relu', 'alpha': 0.0001, 'hidden_layer_sizes': (50,), 'learning_rate': 'constant', 'max_iter': 5000, 'solver': 'adam'}
060,4,0,74,37.243704319000244,{'activation': 'tanh', 'alpha': 0.0001, 'hidden_layer_sizes': (25, 25), 'learning_rate': 'adaptive', 'max_iter': 20000, 'solver': 'sgd'}
100,0,0,76,67.20593595504761,{'activation': 'tanh', 'alpha': 0.0001, 'hidden_layer_sizes': (25, 25), 'learning_rate': 'adaptive', 'max_iter': 20000, 'solver': 'sgd'}
100,1,0,74,66.0530264377594,{'activation': 'relu', 'alpha': 0.05, 'hidden_layer_sizes': (50, 25, 50), 'learning_rate': 'constant', 'max_iter': 50000, 'solver': 'sgd'}
100,2,0,74,66.46353697776794,{'activation': 'tanh', 'alpha': 0.0001, 'hidden_layer_sizes': (50,), 'learning_rate': 'constant', 'max_iter': 10000, 'solver': 'sgd'}
100,3,0,73,64.83600568771362,{'activation': 'relu', 'alpha': 0.05, 'hidden_layer_sizes': (25,), 'learning_rate': 'adaptive', 'max_iter': 5000, 'solver': 'sgd'}
100,4,0,71,62.8501181602478,{'activation': 'logistic', 'alpha': 0.0001, 'hidden_layer_sizes': (50, 25, 50), 'learning_rate': 'invscaling', 'max_iter': 10000, 'solver': 'adam'}
005,0,0,50,15.641623735427856,{'activation': 'logistic', 'alpha': 0.05, 'hidden_layer_sizes': (50,), 'learning_rate': 'invscaling', 'max_iter': 10000, 'solver': 'sgd'}
005,1,0,50,15.556879997253418,{'activation': 'logistic', 'alpha': 0.05, 'hidden_layer_sizes': (50, 50), 'learning_rate': 'constant', 'max_iter': 10000, 'solver': 'sgd'}
005,2,0,60,17.545655250549316,{'activation': 'tanh', 'alpha': 0.05, 'hidden_layer_sizes': (50, 50), 'learning_rate': 'invscaling', 'max_iter': 50000, 'solver': 'sgd'}
005,3,0,50,15.614112377166748,{'activation': 'logistic', 'alpha': 0.0001, 'hidden_layer_sizes': (25,), 'learning_rate': 'invscaling', 'max_iter': 50000, 'solver': 'sgd'}
005,4,0,50,15.139283657073975,{'activation': 'logistic', 'alpha': 0.05, 'hidden_layer_sizes': (25, 25), 'learning_rate': 'constant', 'max_iter': 10000, 'solver': 'sgd'}
010,0,0,51,16.309597969055176,{'activation': 'logistic', 'alpha': 0.05, 'hidden_layer_sizes': (50, 50), 'learning_rate': 'adaptive', 'max_iter': 20000, 'solver': 'sgd'}
010,1,0,55,16.553056478500366,{'activation': 'logistic', 'alpha': 0.05, 'hidden_layer_sizes': (50, 50), 'learning_rate': 'adaptive', 'max_iter': 10000, 'solver': 'sgd'}
010,2,0,63,17.54877281188965,{'activation': 'tanh', 'alpha': 0.05, 'hidden_layer_sizes': (25, 25), 'learning_rate': 'invscaling', 'max_iter': 20000, 'solver': 'sgd'}
010,3,0,67,17.26536536216736,{'activation': 'relu', 'alpha': 0.0001, 'hidden_layer_sizes': (25,), 'learning_rate': 'invscaling', 'max_iter': 20000, 'solver': 'sgd'}
010,4,0,64,18.0684552192688,{'activation': 'tanh', 'alpha': 0.05, 'hidden_layer_sizes': (50, 50), 'learning_rate': 'invscaling', 'max_iter': 20000, 'solver': 'sgd'}
015,0,0,69,19.115154266357422,{'activation': 'tanh', 'alpha': 0.0001, 'hidden_layer_sizes': (50, 25, 50), 'learning_rate': 'adaptive', 'max_iter': 50000, 'solver': 'sgd'}
015,1,0,66,18.049041748046875,{'activation': 'logistic', 'alpha': 0.0001, 'hidden_layer_sizes': (50,), 'learning_rate': 'constant', 'max_iter': 20000, 'solver': 'adam'}
015,2,0,71,18.43834614753723,{'activation': 'tanh', 'alpha': 0.05, 'hidden_layer_sizes': (25,), 'learning_rate': 'adaptive', 'max_iter': 20000, 'solver': 'sgd'}
015,3,0,65,19.360692501068115,{'activation': 'tanh', 'alpha': 0.0001, 'hidden_layer_sizes': (25,), 'learning_rate': 'invscaling', 'max_iter': 50000, 'solver': 'sgd'}
015,4,0,63,19.081084489822388,{'activation': 'relu', 'alpha': 0.0001, 'hidden_layer_sizes': (50,), 'learning_rate': 'invscaling', 'max_iter': 5000, 'solver': 'sgd'}
020,0,0,61,20.092439651489258,{'activation': 'relu', 'alpha': 0.05, 'hidden_layer_sizes': (25,), 'learning_rate': 'invscaling', 'max_iter': 50000, 'solver': 'sgd'}
020,1,0,71,19.44952630996704,{'activation': 'relu', 'alpha': 0.05, 'hidden_layer_sizes': (25, 25), 'learning_rate': 'constant', 'max_iter': 20000, 'solver': 'sgd'}
020,2,0,64,19.89116096496582,{'activation': 'tanh', 'alpha': 0.05, 'hidden_layer_sizes': (50, 50), 'learning_rate': 'invscaling', 'max_iter': 20000, 'solver': 'sgd'}
020,3,0,71,20.840410947799683,{'activation': 'tanh', 'alpha': 0.0001, 'hidden_layer_sizes': (50, 25, 50), 'learning_rate': 'adaptive', 'max_iter': 50000, 'solver': 'sgd'}
020,4,0,58,20.710307359695435,{'activation': 'tanh', 'alpha': 0.05, 'hidden_layer_sizes': (50,), 'learning_rate': 'invscaling', 'max_iter': 20000, 'solver': 'sgd'}
030,0,0,73,23.900355339050293,{'activation': 'logistic', 'alpha': 0.05, 'hidden_layer_sizes': (25,), 'learning_rate': 'constant', 'max_iter': 5000, 'solver': 'sgd'}
030,1,0,68,23.32631230354309,{'activation': 'tanh', 'alpha': 0.05, 'hidden_layer_sizes': (25, 25), 'learning_rate': 'constant', 'max_iter': 10000, 'solver': 'sgd'}
030,2,0,61,23.870584964752197,{'activation': 'tanh', 'alpha': 0.0001, 'hidden_layer_sizes': (50,), 'learning_rate': 'invscaling', 'max_iter': 10000, 'solver': 'sgd'}
030,3,0,68,22.536659240722656,{'activation': 'relu', 'alpha': 0.05, 'hidden_layer_sizes': (50, 50), 'learning_rate': 'adaptive', 'max_iter': 5000, 'solver': 'adam'}
030,4,0,72,22.12488555908203,{'activation': 'relu', 'alpha': 0.0001, 'hidden_layer_sizes': (25,), 'learning_rate': 'adaptive', 'max_iter': 5000, 'solver': 'sgd'}
060,0,0,72,42.59904861450195,{'activation': 'logistic', 'alpha': 0.0001, 'hidden_layer_sizes': (25,), 'learning_rate': 'constant', 'max_iter': 5000, 'solver': 'sgd'}
060,1,0,74,38.14425253868103,{'activation': 'tanh', 'alpha': 0.05, 'hidden_layer_sizes': (50,), 'learning_rate': 'constant', 'max_iter': 5000, 'solver': 'sgd'}
060,2,0,72,36.13162851333618,{'activation': 'tanh', 'alpha': 0.05, 'hidden_layer_sizes': (50, 50), 'learning_rate': 'adaptive', 'max_iter': 10000, 'solver': 'adam'}
060,3,0,72,35.131625175476074,{'activation': 'tanh', 'alpha': 0.0001, 'hidden_layer_sizes': (25,), 'learning_rate': 'constant', 'max_iter': 20000, 'solver': 'adam'}
060,4,0,72,34.9997296333313,{'activation': 'relu', 'alpha': 0.0001, 'hidden_layer_sizes': (50, 25, 50), 'learning_rate': 'constant', 'max_iter': 5000, 'solver': 'adam'}
100,0,0,74,67.3987078666687,{'activation': 'relu', 'alpha': 0.0001, 'hidden_layer_sizes': (50, 50), 'learning_rate': 'adaptive', 'max_iter': 10000, 'solver': 'sgd'}
100,1,0,71,65.04017376899719,{'activation': 'logistic', 'alpha': 0.05, 'hidden_layer_sizes': (25, 25), 'learning_rate': 'invscaling', 'max_iter': 20000, 'solver': 'adam'}
100,2,0,72,63.32042956352234,{'activation': 'logistic', 'alpha': 0.0001, 'hidden_layer_sizes': (25,), 'learning_rate': 'invscaling', 'max_iter': 10000, 'solver': 'adam'}
100,3,0,74,66.42391848564148,{'activation': 'relu', 'alpha': 0.0001, 'hidden_layer_sizes': (50, 25, 50), 'learning_rate': 'constant', 'max_iter': 5000, 'solver': 'sgd'}
100,4,0,78,66.95348596572876,{'activation': 'tanh', 'alpha': 0.0001, 'hidden_layer_sizes': (25,), 'learning_rate': 'constant', 'max_iter': 50000, 'solver': 'sgd'}
