010,2,0,54,354.30046033859253,{'leaf_size': 5, 'metric': 'euclidean', 'n_neighbors': 12, 'weights': 'distance'}
005,2,0,54,391.7809302806854,{'leaf_size': 5, 'metric': 'euclidean', 'n_neighbors': 12, 'weights': 'uniform'}
005,1,0,58,408.038311958313,{'leaf_size': 5, 'metric': 'euclidean', 'n_neighbors': 12, 'weights': 'distance'}
010,4,0,63,398.03498458862305,{'leaf_size': 5, 'metric': 'euclidean', 'n_neighbors': 12, 'weights': 'distance'}
020,0,0,63,379.26214480400085,{'leaf_size': 5, 'metric': 'euclidean', 'n_neighbors': 12, 'weights': 'distance'}
015,2,0,66,398.3206033706665,{'leaf_size': 5, 'metric': 'euclidean', 'n_neighbors': 12, 'weights': 'distance'}
020,1,0,57,388.5693621635437,{'leaf_size': 5, 'metric': 'euclidean', 'n_neighbors': 12, 'weights': 'distance'}
015,4,0,67,428.3901093006134,{'leaf_size': 5, 'metric': 'euclidean', 'n_neighbors': 12, 'weights': 'distance'}
020,4,0,67,438.93366408348083,{'leaf_size': 5, 'metric': 'euclidean', 'n_neighbors': 12, 'weights': 'distance'}
010,3,0,60,480.8475637435913,{'leaf_size': 5, 'metric': 'euclidean', 'n_neighbors': 12, 'weights': 'distance'}
010,1,0,59,485.67410254478455,{'leaf_size': 5, 'metric': 'euclidean', 'n_neighbors': 12, 'weights': 'distance'}
060,4,0,70,417.44895815849304,{'leaf_size': 5, 'metric': 'manhattan', 'n_neighbors': 28, 'weights': 'distance'}
005,0,0,62,512.8650743961334,{'leaf_size': 5, 'metric': 'euclidean', 'n_neighbors': 12, 'weights': 'uniform'}
030,1,0,72,444.45160579681396,{'leaf_size': 5, 'metric': 'euclidean', 'n_neighbors': 12, 'weights': 'distance'}
060,3,0,69,436.90183997154236,{'leaf_size': 5, 'metric': 'euclidean', 'n_neighbors': 28, 'weights': 'distance'}
020,3,0,62,482.17254543304443,{'leaf_size': 5, 'metric': 'manhattan', 'n_neighbors': 12, 'weights': 'distance'}
010,0,0,54,526.8158645629883,{'leaf_size': 5, 'metric': 'euclidean', 'n_neighbors': 12, 'weights': 'distance'}
015,3,0,66,509.4200978279114,{'leaf_size': 5, 'metric': 'euclidean', 'n_neighbors': 12, 'weights': 'distance'}
030,0,0,67,483.22633838653564,{'leaf_size': 5, 'metric': 'manhattan', 'n_neighbors': 18, 'weights': 'distance'}
015,1,0,66,510.86408019065857,{'leaf_size': 5, 'metric': 'euclidean', 'n_neighbors': 12, 'weights': 'distance'}
005,4,0,62,546.5000157356262,{'leaf_size': 5, 'metric': 'euclidean', 'n_neighbors': 12, 'weights': 'distance'}
015,0,0,65,544.9422352313995,{'leaf_size': 5, 'metric': 'euclidean', 'n_neighbors': 12, 'weights': 'distance'}
030,3,0,68,497.15792059898376,{'leaf_size': 5, 'metric': 'euclidean', 'n_neighbors': 18, 'weights': 'distance'}
020,2,0,66,521.4395408630371,{'leaf_size': 5, 'metric': 'euclidean', 'n_neighbors': 28, 'weights': 'distance'}
005,3,0,57,564.0191679000854,{'leaf_size': 5, 'metric': 'euclidean', 'n_neighbors': 12, 'weights': 'distance'}
060,2,0,71,469.7124547958374,{'leaf_size': 5, 'metric': 'euclidean', 'n_neighbors': 12, 'weights': 'distance'}
100,2,0,50,442.29508876800537,{'leaf_size': 5, 'metric': 'euclidean', 'n_neighbors': 12, 'weights': 'distance'}
060,1,0,65,515.5305004119873,{'leaf_size': 5, 'metric': 'manhattan', 'n_neighbors': 12, 'weights': 'distance'}
030,4,0,68,532.6180562973022,{'leaf_size': 5, 'metric': 'euclidean', 'n_neighbors': 18, 'weights': 'distance'}
030,2,0,65,554.636346578598,{'leaf_size': 5, 'metric': 'euclidean', 'n_neighbors': 28, 'weights': 'distance'}
060,0,0,68,564.1449625492096,{'leaf_size': 5, 'metric': 'euclidean', 'n_neighbors': 18, 'weights': 'distance'}
100,0,0,50,544.7738831043243,{'leaf_size': 5, 'metric': 'manhattan', 'n_neighbors': 12, 'weights': 'distance'}
100,1,0,50,547.6185290813446,{'leaf_size': 5, 'metric': 'euclidean', 'n_neighbors': 18, 'weights': 'distance'}
100,3,0,53,570.7711918354034,{'leaf_size': 5, 'metric': 'euclidean', 'n_neighbors': 18, 'weights': 'distance'}
100,4,0,50,576.8714609146118,{'leaf_size': 5, 'metric': 'euclidean', 'n_neighbors': 18, 'weights': 'distance'}
005,3,0,57,263.2715377807617,{'leaf_size': 5, 'metric': 'euclidean', 'n_neighbors': 12, 'weights': 'distance'}
015,0,0,65,235.75168991088867,{'leaf_size': 5, 'metric': 'euclidean', 'n_neighbors': 12, 'weights': 'distance'}
005,2,0,54,288.44940972328186,{'leaf_size': 5, 'metric': 'euclidean', 'n_neighbors': 12, 'weights': 'uniform'}
010,2,0,54,272.96933126449585,{'leaf_size': 5, 'metric': 'euclidean', 'n_neighbors': 12, 'weights': 'distance'}
010,3,0,60,275.4531240463257,{'leaf_size': 5, 'metric': 'euclidean', 'n_neighbors': 12, 'weights': 'distance'}
020,3,0,63,256.9325873851776,{'leaf_size': 5, 'metric': 'euclidean', 'n_neighbors': 12, 'weights': 'distance'}
010,0,0,54,317.26153802871704,{'leaf_size': 5, 'metric': 'euclidean', 'n_neighbors': 12, 'weights': 'distance'}
005,1,0,58,359.96595001220703,{'leaf_size': 5, 'metric': 'euclidean', 'n_neighbors': 12, 'weights': 'distance'}
030,4,0,68,283.9618184566498,{'leaf_size': 5, 'metric': 'euclidean', 'n_neighbors': 12, 'weights': 'distance'}
010,1,0,59,338.428081035614,{'leaf_size': 5, 'metric': 'euclidean', 'n_neighbors': 12, 'weights': 'distance'}
015,3,0,66,338.272127866745,{'leaf_size': 5, 'metric': 'euclidean', 'n_neighbors': 12, 'weights': 'distance'}
020,0,0,63,365.2996609210968,{'leaf_size': 5, 'metric': 'euclidean', 'n_neighbors': 12, 'weights': 'distance'}
005,0,0,62,470.2235288619995,{'leaf_size': 5, 'metric': 'euclidean', 'n_neighbors': 12, 'weights': 'distance'}
020,1,0,57,412.4424362182617,{'leaf_size': 5, 'metric': 'euclidean', 'n_neighbors': 12, 'weights': 'distance'}
005,4,0,62,494.859671831131,{'leaf_size': 5, 'metric': 'euclidean', 'n_neighbors': 12, 'weights': 'uniform'}
030,3,0,68,429.1343467235565,{'leaf_size': 5, 'metric': 'euclidean', 'n_neighbors': 28, 'weights': 'distance'}
060,0,0,68,402.06519842147827,{'leaf_size': 5, 'metric': 'euclidean', 'n_neighbors': 18, 'weights': 'distance'}
060,4,0,69,428.8804500102997,{'leaf_size': 5, 'metric': 'euclidean', 'n_neighbors': 12, 'weights': 'distance'}
100,1,0,50,385.1344826221466,{'leaf_size': 5, 'metric': 'euclidean', 'n_neighbors': 18, 'weights': 'distance'}
015,4,0,67,477.11655139923096,{'leaf_size': 5, 'metric': 'euclidean', 'n_neighbors': 12, 'weights': 'distance'}
020,2,0,65,486.56564831733704,{'leaf_size': 5, 'metric': 'euclidean', 'n_neighbors': 12, 'weights': 'distance'}
015,2,0,66,504.8850076198578,{'leaf_size': 5, 'metric': 'euclidean', 'n_neighbors': 12, 'weights': 'distance'}
030,0,0,66,497.12862730026245,{'leaf_size': 5, 'metric': 'euclidean', 'n_neighbors': 12, 'weights': 'distance'}
100,0,0,50,457.16483974456787,{'leaf_size': 5, 'metric': 'euclidean', 'n_neighbors': 18, 'weights': 'distance'}
060,1,0,68,485.02659034729004,{'leaf_size': 5, 'metric': 'euclidean', 'n_neighbors': 18, 'weights': 'distance'}
060,3,0,70,475.74195098876953,{'leaf_size': 5, 'metric': 'euclidean', 'n_neighbors': 12, 'weights': 'distance'}
020,4,0,67,543.1362898349762,{'leaf_size': 5, 'metric': 'euclidean', 'n_neighbors': 12, 'weights': 'distance'}
060,2,0,71,531.8537890911102,{'leaf_size': 5, 'metric': 'euclidean', 'n_neighbors': 12, 'weights': 'distance'}
010,4,0,63,608.3643524646759,{'leaf_size': 5, 'metric': 'euclidean', 'n_neighbors': 12, 'weights': 'distance'}
015,1,0,66,605.8963470458984,{'leaf_size': 5, 'metric': 'euclidean', 'n_neighbors': 12, 'weights': 'distance'}
030,2,0,65,592.3018279075623,{'leaf_size': 5, 'metric': 'euclidean', 'n_neighbors': 28, 'weights': 'distance'}
100,3,0,51,551.8664264678955,{'leaf_size': 5, 'metric': 'euclidean', 'n_neighbors': 18, 'weights': 'distance'}
030,1,0,70,617.671984910965,{'leaf_size': 5, 'metric': 'euclidean', 'n_neighbors': 18, 'weights': 'distance'}
100,4,0,50,596.5499122142792,{'leaf_size': 5, 'metric': 'manhattan', 'n_neighbors': 12, 'weights': 'distance'}
100,2,0,50,652.2575452327728,{'leaf_size': 5, 'metric': 'euclidean', 'n_neighbors': 18, 'weights': 'distance'}
010,2,0,54,255.94865775108337,{'leaf_size': 5, 'metric': 'euclidean', 'n_neighbors': 12, 'weights': 'distance'}
010,3,0,60,247.993262052536,{'leaf_size': 5, 'metric': 'euclidean', 'n_neighbors': 12, 'weights': 'distance'}
005,0,0,62,294.31209778785706,{'leaf_size': 5, 'metric': 'euclidean', 'n_neighbors': 12, 'weights': 'distance'}
005,3,0,57,311.8260476589203,{'leaf_size': 5, 'metric': 'euclidean', 'n_neighbors': 12, 'weights': 'uniform'}
010,4,0,63,295.13297295570374,{'leaf_size': 5, 'metric': 'euclidean', 'n_neighbors': 12, 'weights': 'distance'}
020,2,0,65,259.47953033447266,{'leaf_size': 5, 'metric': 'euclidean', 'n_neighbors': 12, 'weights': 'distance'}
010,0,0,54,336.5769512653351,{'leaf_size': 5, 'metric': 'euclidean', 'n_neighbors': 12, 'weights': 'distance'}
005,2,0,54,359.3313012123108,{'leaf_size': 5, 'metric': 'euclidean', 'n_neighbors': 12, 'weights': 'distance'}
020,0,0,63,302.65052127838135,{'leaf_size': 5, 'metric': 'euclidean', 'n_neighbors': 12, 'weights': 'distance'}
015,3,0,66,329.6207857131958,{'leaf_size': 5, 'metric': 'euclidean', 'n_neighbors': 12, 'weights': 'distance'}
005,1,0,58,401.7689905166626,{'leaf_size': 5, 'metric': 'euclidean', 'n_neighbors': 12, 'weights': 'distance'}
030,2,0,71,309.7338836193085,{'leaf_size': 5, 'metric': 'euclidean', 'n_neighbors': 12, 'weights': 'distance'}
010,1,0,59,385.7265932559967,{'leaf_size': 5, 'metric': 'euclidean', 'n_neighbors': 12, 'weights': 'distance'}
020,1,0,57,352.5976140499115,{'leaf_size': 5, 'metric': 'euclidean', 'n_neighbors': 12, 'weights': 'distance'}
015,0,0,65,383.4216992855072,{'leaf_size': 5, 'metric': 'euclidean', 'n_neighbors': 12, 'weights': 'distance'}
060,3,0,70,303.81953501701355,{'leaf_size': 5, 'metric': 'euclidean', 'n_neighbors': 12, 'weights': 'distance'}
020,3,0,63,361.43459248542786,{'leaf_size': 5, 'metric': 'euclidean', 'n_neighbors': 12, 'weights': 'distance'}
005,4,0,62,434.35014033317566,{'leaf_size': 5, 'metric': 'euclidean', 'n_neighbors': 12, 'weights': 'distance'}
060,4,0,69,325.6843993663788,{'leaf_size': 5, 'metric': 'euclidean', 'n_neighbors': 12, 'weights': 'distance'}
015,4,0,67,388.0136351585388,{'leaf_size': 5, 'metric': 'euclidean', 'n_neighbors': 12, 'weights': 'distance'}
015,2,0,66,430.038850069046,{'leaf_size': 5, 'metric': 'euclidean', 'n_neighbors': 12, 'weights': 'distance'}
030,3,0,66,384.3490631580353,{'leaf_size': 5, 'metric': 'euclidean', 'n_neighbors': 12, 'weights': 'distance'}
020,4,0,67,399.13449478149414,{'leaf_size': 5, 'metric': 'euclidean', 'n_neighbors': 12, 'weights': 'distance'}
030,0,0,66,404.20281863212585,{'leaf_size': 5, 'metric': 'euclidean', 'n_neighbors': 18, 'weights': 'distance'}
030,1,0,66,402.09903264045715,{'leaf_size': 5, 'metric': 'manhattan', 'n_neighbors': 28, 'weights': 'distance'}
030,4,0,68,399.6419095993042,{'leaf_size': 5, 'metric': 'euclidean', 'n_neighbors': 12, 'weights': 'distance'}
015,1,0,66,474.58605098724365,{'leaf_size': 5, 'metric': 'euclidean', 'n_neighbors': 12, 'weights': 'distance'}
060,1,0,69,428.58106994628906,{'leaf_size': 5, 'metric': 'euclidean', 'n_neighbors': 28, 'weights': 'distance'}
100,1,0,50,407.1975607872009,{'leaf_size': 5, 'metric': 'euclidean', 'n_neighbors': 18, 'weights': 'distance'}
060,0,0,71,471.8386940956116,{'leaf_size': 5, 'metric': 'euclidean', 'n_neighbors': 28, 'weights': 'distance'}
060,2,0,69,484.3020248413086,{'leaf_size': 5, 'metric': 'manhattan', 'n_neighbors': 12, 'weights': 'distance'}
100,0,0,52,513.9066317081451,{'leaf_size': 5, 'metric': 'euclidean', 'n_neighbors': 28, 'weights': 'distance'}
100,2,0,50,480.3926134109497,{'leaf_size': 5, 'metric': 'euclidean', 'n_neighbors': 18, 'weights': 'distance'}
100,3,0,56,531.0538287162781,{'leaf_size': 5, 'metric': 'euclidean', 'n_neighbors': 18, 'weights': 'distance'}
100,4,0,50,524.2687466144562,{'leaf_size': 5, 'metric': 'euclidean', 'n_neighbors': 28, 'weights': 'distance'}
010,3,0,60,197.91983366012573,{'leaf_size': 5, 'metric': 'euclidean', 'n_neighbors': 12, 'weights': 'distance'}
010,4,0,63,195.31329369544983,{'leaf_size': 5, 'metric': 'euclidean', 'n_neighbors': 12, 'weights': 'distance'}
005,3,0,57,226.03309774398804,{'leaf_size': 5, 'metric': 'euclidean', 'n_neighbors': 12, 'weights': 'uniform'}
005,4,0,62,259.7231376171112,{'leaf_size': 5, 'metric': 'euclidean', 'n_neighbors': 12, 'weights': 'uniform'}
010,1,0,59,295.31183528900146,{'leaf_size': 5, 'metric': 'euclidean', 'n_neighbors': 12, 'weights': 'distance'}
015,3,0,66,277.47226572036743,{'leaf_size': 5, 'metric': 'euclidean', 'n_neighbors': 12, 'weights': 'distance'}
015,4,0,67,273.12559175491333,{'leaf_size': 5, 'metric': 'euclidean', 'n_neighbors': 12, 'weights': 'distance'}
010,2,0,54,316.0190110206604,{'leaf_size': 5, 'metric': 'euclidean', 'n_neighbors': 12, 'weights': 'distance'}
015,1,0,66,305.06163024902344,{'leaf_size': 5, 'metric': 'euclidean', 'n_neighbors': 12, 'weights': 'distance'}
015,0,0,65,304.7516176700592,{'leaf_size': 5, 'metric': 'euclidean', 'n_neighbors': 12, 'weights': 'distance'}
010,0,0,54,341.584219455719,{'leaf_size': 5, 'metric': 'euclidean', 'n_neighbors': 12, 'weights': 'distance'}
015,2,0,66,319.4806809425354,{'leaf_size': 5, 'metric': 'euclidean', 'n_neighbors': 12, 'weights': 'distance'}
005,0,0,62,376.9005198478699,{'leaf_size': 5, 'metric': 'euclidean', 'n_neighbors': 12, 'weights': 'distance'}
005,1,0,58,380.5258572101593,{'leaf_size': 5, 'metric': 'euclidean', 'n_neighbors': 12, 'weights': 'uniform'}
020,2,0,65,320.2355308532715,{'leaf_size': 5, 'metric': 'euclidean', 'n_neighbors': 12, 'weights': 'distance'}
020,3,0,62,320.96398854255676,{'leaf_size': 5, 'metric': 'manhattan', 'n_neighbors': 12, 'weights': 'distance'}
060,0,0,71,293.2467348575592,{'leaf_size': 5, 'metric': 'euclidean', 'n_neighbors': 28, 'weights': 'distance'}
030,1,0,72,315.04921889305115,{'leaf_size': 5, 'metric': 'euclidean', 'n_neighbors': 12, 'weights': 'distance'}
020,4,0,67,366.47409224510193,{'leaf_size': 5, 'metric': 'euclidean', 'n_neighbors': 12, 'weights': 'distance'}
100,0,0,50,308.37862277030945,{'leaf_size': 5, 'metric': 'euclidean', 'n_neighbors': 28, 'weights': 'distance'}
030,3,0,68,354.44641375541687,{'leaf_size': 5, 'metric': 'euclidean', 'n_neighbors': 18, 'weights': 'distance'}
030,2,0,63,362.1082980632782,{'leaf_size': 5, 'metric': 'manhattan', 'n_neighbors': 28, 'weights': 'distance'}
005,2,0,54,468.4359447956085,{'leaf_size': 5, 'metric': 'euclidean', 'n_neighbors': 12, 'weights': 'distance'}
060,2,0,71,343.42987298965454,{'leaf_size': 5, 'metric': 'euclidean', 'n_neighbors': 12, 'weights': 'distance'}
020,1,0,57,411.5889937877655,{'leaf_size': 5, 'metric': 'euclidean', 'n_neighbors': 12, 'weights': 'distance'}
030,0,0,66,397.85333800315857,{'leaf_size': 5, 'metric': 'euclidean', 'n_neighbors': 12, 'weights': 'distance'}
100,2,0,50,347.2560238838196,{'leaf_size': 5, 'metric': 'manhattan', 'n_neighbors': 12, 'weights': 'distance'}
020,0,0,63,455.2000358104706,{'leaf_size': 5, 'metric': 'euclidean', 'n_neighbors': 12, 'weights': 'distance'}
100,1,0,50,378.90409207344055,{'leaf_size': 5, 'metric': 'euclidean', 'n_neighbors': 12, 'weights': 'distance'}
100,4,0,50,350.6658477783203,{'leaf_size': 5, 'metric': 'euclidean', 'n_neighbors': 12, 'weights': 'distance'}
060,3,0,70,424.6650083065033,{'leaf_size': 5, 'metric': 'euclidean', 'n_neighbors': 12, 'weights': 'distance'}
030,4,0,68,472.50297236442566,{'leaf_size': 5, 'metric': 'euclidean', 'n_neighbors': 12, 'weights': 'distance'}
060,1,0,66,451.0926995277405,{'leaf_size': 5, 'metric': 'manhattan', 'n_neighbors': 28, 'weights': 'distance'}
100,3,0,50,415.2884159088135,{'leaf_size': 5, 'metric': 'euclidean', 'n_neighbors': 28, 'weights': 'distance'}
060,4,0,69,460.6918785572052,{'leaf_size': 5, 'metric': 'euclidean', 'n_neighbors': 12, 'weights': 'distance'}
005,1,0,58,227.52886199951172,{'leaf_size': 5, 'metric': 'euclidean', 'n_neighbors': 12, 'weights': 'uniform'}
005,3,0,57,237.31854438781738,{'leaf_size': 5, 'metric': 'euclidean', 'n_neighbors': 12, 'weights': 'distance'}
010,0,0,54,301.49531292915344,{'leaf_size': 5, 'metric': 'euclidean', 'n_neighbors': 12, 'weights': 'distance'}
015,4,0,60,272.7235426902771,{'leaf_size': 5, 'metric': 'manhattan', 'n_neighbors': 12, 'weights': 'distance'}
005,2,0,54,327.4319701194763,{'leaf_size': 5, 'metric': 'euclidean', 'n_neighbors': 12, 'weights': 'distance'}
010,1,0,59,336.0964632034302,{'leaf_size': 5, 'metric': 'euclidean', 'n_neighbors': 12, 'weights': 'distance'}
020,4,0,67,298.9712805747986,{'leaf_size': 5, 'metric': 'euclidean', 'n_neighbors': 12, 'weights': 'distance'}
060,1,0,65,287.3188683986664,{'leaf_size': 5, 'metric': 'manhattan', 'n_neighbors': 12, 'weights': 'distance'}
020,1,0,57,327.8530683517456,{'leaf_size': 5, 'metric': 'euclidean', 'n_neighbors': 12, 'weights': 'distance'}
010,2,0,54,358.50023436546326,{'leaf_size': 5, 'metric': 'euclidean', 'n_neighbors': 12, 'weights': 'distance'}
015,2,0,66,361.9707112312317,{'leaf_size': 5, 'metric': 'euclidean', 'n_neighbors': 12, 'weights': 'distance'}
020,2,0,65,348.06170749664307,{'leaf_size': 5, 'metric': 'euclidean', 'n_neighbors': 12, 'weights': 'distance'}
010,3,0,60,386.31726145744324,{'leaf_size': 5, 'metric': 'euclidean', 'n_neighbors': 12, 'weights': 'distance'}
005,0,0,62,422.30439043045044,{'leaf_size': 5, 'metric': 'euclidean', 'n_neighbors': 12, 'weights': 'uniform'}
005,4,0,62,412.8696479797363,{'leaf_size': 5, 'metric': 'euclidean', 'n_neighbors': 12, 'weights': 'distance'}
015,1,0,66,401.1199848651886,{'leaf_size': 5, 'metric': 'euclidean', 'n_neighbors': 12, 'weights': 'distance'}
060,4,0,69,320.3968503475189,{'leaf_size': 5, 'metric': 'euclidean', 'n_neighbors': 12, 'weights': 'distance'}
015,3,0,66,413.77213311195374,{'leaf_size': 5, 'metric': 'euclidean', 'n_neighbors': 12, 'weights': 'distance'}
015,0,0,65,432.27361035346985,{'leaf_size': 5, 'metric': 'euclidean', 'n_neighbors': 12, 'weights': 'distance'}
030,3,0,68,375.63842582702637,{'leaf_size': 5, 'metric': 'euclidean', 'n_neighbors': 18, 'weights': 'distance'}
030,4,0,65,417.8613967895508,{'leaf_size': 5, 'metric': 'manhattan', 'n_neighbors': 18, 'weights': 'distance'}
060,2,0,70,389.2159230709076,{'leaf_size': 5, 'metric': 'manhattan', 'n_neighbors': 18, 'weights': 'distance'}
020,0,0,63,460.9740881919861,{'leaf_size': 5, 'metric': 'euclidean', 'n_neighbors': 12, 'weights': 'distance'}
030,1,0,72,454.5450665950775,{'leaf_size': 5, 'metric': 'euclidean', 'n_neighbors': 12, 'weights': 'distance'}
030,0,0,66,476.4764516353607,{'leaf_size': 5, 'metric': 'euclidean', 'n_neighbors': 12, 'weights': 'distance'}
010,4,0,63,517.8591547012329,{'leaf_size': 5, 'metric': 'euclidean', 'n_neighbors': 12, 'weights': 'distance'}
020,3,0,63,484.9317545890808,{'leaf_size': 5, 'metric': 'euclidean', 'n_neighbors': 12, 'weights': 'distance'}
060,0,0,71,470.9830286502838,{'leaf_size': 5, 'metric': 'euclidean', 'n_neighbors': 28, 'weights': 'distance'}
030,2,0,63,502.3520812988281,{'leaf_size': 5, 'metric': 'manhattan', 'n_neighbors': 28, 'weights': 'distance'}
100,4,0,50,456.67302680015564,{'leaf_size': 5, 'metric': 'euclidean', 'n_neighbors': 18, 'weights': 'distance'}
100,3,0,50,458.56857442855835,{'leaf_size': 5, 'metric': 'euclidean', 'n_neighbors': 18, 'weights': 'distance'}
060,3,0,70,545.4753942489624,{'leaf_size': 5, 'metric': 'euclidean', 'n_neighbors': 12, 'weights': 'distance'}
100,1,0,50,519.3385393619537,{'leaf_size': 5, 'metric': 'euclidean', 'n_neighbors': 12, 'weights': 'distance'}
100,0,0,50,513.8975009918213,{'leaf_size': 5, 'metric': 'euclidean', 'n_neighbors': 28, 'weights': 'distance'}
015,1,0,66,255.4653353691101,{'leaf_size': 5, 'metric': 'euclidean', 'n_neighbors': 12, 'weights': 'distance'}
015,3,0,66,242.82488560676575,{'leaf_size': 5, 'metric': 'euclidean', 'n_neighbors': 12, 'weights': 'distance'}
010,0,0,54,295.70418214797974,{'leaf_size': 5, 'metric': 'euclidean', 'n_neighbors': 12, 'weights': 'distance'}
010,3,0,60,300.3569769859314,{'leaf_size': 5, 'metric': 'euclidean', 'n_neighbors': 12, 'weights': 'distance'}
005,4,0,62,319.5644302368164,{'leaf_size': 5, 'metric': 'euclidean', 'n_neighbors': 12, 'weights': 'distance'}
030,3,0,66,249.74044466018677,{'leaf_size': 5, 'metric': 'euclidean', 'n_neighbors': 12, 'weights': 'distance'}
030,2,0,71,255.46760654449463,{'leaf_size': 5, 'metric': 'euclidean', 'n_neighbors': 12, 'weights': 'distance'}
020,1,0,57,261.6653826236725,{'leaf_size': 5, 'metric': 'euclidean', 'n_neighbors': 12, 'weights': 'distance'}
010,2,0,54,324.4490580558777,{'leaf_size': 5, 'metric': 'euclidean', 'n_neighbors': 12, 'weights': 'distance'}
005,2,0,54,344.2254071235657,{'leaf_size': 5, 'metric': 'euclidean', 'n_neighbors': 12, 'weights': 'distance'}
010,1,0,59,338.9391577243805,{'leaf_size': 5, 'metric': 'euclidean', 'n_neighbors': 12, 'weights': 'distance'}
020,0,0,63,297.445246219635,{'leaf_size': 5, 'metric': 'euclidean', 'n_neighbors': 12, 'weights': 'distance'}
060,3,0,70,265.3335325717926,{'leaf_size': 5, 'metric': 'euclidean', 'n_neighbors': 12, 'weights': 'distance'}
030,1,0,72,277.72209453582764,{'leaf_size': 5, 'metric': 'euclidean', 'n_neighbors': 12, 'weights': 'distance'}
005,3,0,57,364.55045771598816,{'leaf_size': 5, 'metric': 'euclidean', 'n_neighbors': 12, 'weights': 'uniform'}
005,1,0,58,375.1676847934723,{'leaf_size': 5, 'metric': 'euclidean', 'n_neighbors': 12, 'weights': 'distance'}
005,0,0,62,396.89763379096985,{'leaf_size': 5, 'metric': 'euclidean', 'n_neighbors': 12, 'weights': 'uniform'}
015,0,0,65,379.39854764938354,{'leaf_size': 5, 'metric': 'euclidean', 'n_neighbors': 12, 'weights': 'distance'}
015,2,0,66,356.05501890182495,{'leaf_size': 5, 'metric': 'euclidean', 'n_neighbors': 12, 'weights': 'distance'}
060,2,0,71,304.14844036102295,{'leaf_size': 5, 'metric': 'euclidean', 'n_neighbors': 12, 'weights': 'distance'}
015,4,0,67,348.4799451828003,{'leaf_size': 5, 'metric': 'euclidean', 'n_neighbors': 12, 'weights': 'distance'}
060,4,0,70,322.70274543762207,{'leaf_size': 5, 'metric': 'manhattan', 'n_neighbors': 28, 'weights': 'distance'}
030,4,0,68,329.7109100818634,{'leaf_size': 5, 'metric': 'euclidean', 'n_neighbors': 18, 'weights': 'distance'}
100,0,0,50,318.6198236942291,{'leaf_size': 5, 'metric': 'euclidean', 'n_neighbors': 18, 'weights': 'distance'}
060,0,0,66,348.18922901153564,{'leaf_size': 5, 'metric': 'euclidean', 'n_neighbors': 12, 'weights': 'distance'}
020,4,0,67,369.66336131095886,{'leaf_size': 5, 'metric': 'euclidean', 'n_neighbors': 12, 'weights': 'distance'}
060,1,0,66,359.1487593650818,{'leaf_size': 5, 'metric': 'manhattan', 'n_neighbors': 28, 'weights': 'distance'}
020,3,0,63,396.4383294582367,{'leaf_size': 5, 'metric': 'euclidean', 'n_neighbors': 12, 'weights': 'distance'}
010,4,0,63,460.4327199459076,{'leaf_size': 5, 'metric': 'euclidean', 'n_neighbors': 12, 'weights': 'distance'}
100,3,0,50,361.02461409568787,{'leaf_size': 5, 'metric': 'euclidean', 'n_neighbors': 12, 'weights': 'distance'}
100,2,0,57,365.791232585907,{'leaf_size': 5, 'metric': 'euclidean', 'n_neighbors': 12, 'weights': 'distance'}
030,0,0,66,435.04793906211853,{'leaf_size': 5, 'metric': 'euclidean', 'n_neighbors': 18, 'weights': 'distance'}
020,2,0,65,465.2670331001282,{'leaf_size': 5, 'metric': 'euclidean', 'n_neighbors': 12, 'weights': 'distance'}
005,2,0,54,262.9449589252472,{'leaf_size': 5, 'metric': 'euclidean', 'n_neighbors': 12, 'weights': 'distance'}
010,3,0,60,266.23535323143005,{'leaf_size': 5, 'metric': 'euclidean', 'n_neighbors': 12, 'weights': 'distance'}
015,1,0,66,270.5311920642853,{'leaf_size': 5, 'metric': 'euclidean', 'n_neighbors': 12, 'weights': 'distance'}
015,0,0,65,271.27385354042053,{'leaf_size': 5, 'metric': 'euclidean', 'n_neighbors': 12, 'weights': 'distance'}
015,3,0,66,270.2807092666626,{'leaf_size': 5, 'metric': 'euclidean', 'n_neighbors': 12, 'weights': 'distance'}
005,0,0,62,307.1243381500244,{'leaf_size': 5, 'metric': 'euclidean', 'n_neighbors': 12, 'weights': 'uniform'}
015,2,0,66,304.07100009918213,{'leaf_size': 5, 'metric': 'euclidean', 'n_neighbors': 12, 'weights': 'distance'}
030,0,0,66,260.8667356967926,{'leaf_size': 5, 'metric': 'euclidean', 'n_neighbors': 12, 'weights': 'distance'}
060,0,0,71,260.33589148521423,{'leaf_size': 5, 'metric': 'euclidean', 'n_neighbors': 28, 'weights': 'distance'}
030,2,0,71,286.92867040634155,{'leaf_size': 5, 'metric': 'euclidean', 'n_neighbors': 12, 'weights': 'distance'}
030,3,0,66,299.2679944038391,{'leaf_size': 5, 'metric': 'euclidean', 'n_neighbors': 12, 'weights': 'distance'}
060,2,0,69,314.88032698631287,{'leaf_size': 5, 'metric': 'manhattan', 'n_neighbors': 12, 'weights': 'distance'}
015,4,0,67,361.4940209388733,{'leaf_size': 5, 'metric': 'euclidean', 'n_neighbors': 12, 'weights': 'distance'}
010,1,0,59,384.7411320209503,{'leaf_size': 5, 'metric': 'euclidean', 'n_neighbors': 12, 'weights': 'distance'}
010,0,0,54,409.4560191631317,{'leaf_size': 5, 'metric': 'euclidean', 'n_neighbors': 12, 'weights': 'distance'}
100,0,0,50,333.6626694202423,{'leaf_size': 5, 'metric': 'euclidean', 'n_neighbors': 18, 'weights': 'distance'}
005,1,0,58,442.75633358955383,{'leaf_size': 5, 'metric': 'euclidean', 'n_neighbors': 12, 'weights': 'uniform'}
100,4,0,50,328.9247999191284,{'leaf_size': 5, 'metric': 'euclidean', 'n_neighbors': 28, 'weights': 'distance'}
030,1,0,72,388.84007501602173,{'leaf_size': 5, 'metric': 'euclidean', 'n_neighbors': 12, 'weights': 'distance'}
005,4,0,62,459.238153219223,{'leaf_size': 5, 'metric': 'euclidean', 'n_neighbors': 12, 'weights': 'uniform'}
010,2,0,54,472.21402049064636,{'leaf_size': 5, 'metric': 'euclidean', 'n_neighbors': 12, 'weights': 'distance'}
020,1,0,57,444.8429307937622,{'leaf_size': 5, 'metric': 'euclidean', 'n_neighbors': 12, 'weights': 'distance'}
030,4,0,66,428.81717586517334,{'leaf_size': 5, 'metric': 'manhattan', 'n_neighbors': 12, 'weights': 'distance'}
010,4,0,63,481.92447566986084,{'leaf_size': 5, 'metric': 'euclidean', 'n_neighbors': 12, 'weights': 'distance'}
005,3,0,57,494.14849877357483,{'leaf_size': 5, 'metric': 'euclidean', 'n_neighbors': 12, 'weights': 'distance'}
020,0,0,63,467.16561698913574,{'leaf_size': 5, 'metric': 'euclidean', 'n_neighbors': 12, 'weights': 'distance'}
020,2,0,65,469.36586260795593,{'leaf_size': 5, 'metric': 'euclidean', 'n_neighbors': 12, 'weights': 'distance'}
060,1,0,68,448.19030570983887,{'leaf_size': 5, 'metric': 'euclidean', 'n_neighbors': 18, 'weights': 'distance'}
020,3,0,63,504.668336391449,{'leaf_size': 5, 'metric': 'euclidean', 'n_neighbors': 12, 'weights': 'distance'}
020,4,0,67,502.3465623855591,{'leaf_size': 5, 'metric': 'euclidean', 'n_neighbors': 12, 'weights': 'distance'}
100,2,0,50,475.1969075202942,{'leaf_size': 5, 'metric': 'euclidean', 'n_neighbors': 28, 'weights': 'distance'}
060,4,0,69,484.24047446250916,{'leaf_size': 5, 'metric': 'euclidean', 'n_neighbors': 12, 'weights': 'distance'}
060,3,0,70,501.47916293144226,{'leaf_size': 5, 'metric': 'euclidean', 'n_neighbors': 12, 'weights': 'distance'}
100,3,0,50,463.33920311927795,{'leaf_size': 5, 'metric': 'euclidean', 'n_neighbors': 18, 'weights': 'distance'}
100,1,0,50,521.200835943222,{'leaf_size': 5, 'metric': 'euclidean', 'n_neighbors': 12, 'weights': 'distance'}
010,0,0,54,290.47830390930176,{'leaf_size': 5, 'metric': 'euclidean', 'n_neighbors': 12, 'weights': 'distance'}
005,4,0,62,293.2470269203186,{'leaf_size': 5, 'metric': 'euclidean', 'n_neighbors': 12, 'weights': 'distance'}
010,2,0,54,288.397664308548,{'leaf_size': 5, 'metric': 'euclidean', 'n_neighbors': 12, 'weights': 'distance'}
005,2,0,54,316.10034441947937,{'leaf_size': 5, 'metric': 'euclidean', 'n_neighbors': 12, 'weights': 'distance'}
010,3,0,60,297.0564353466034,{'leaf_size': 5, 'metric': 'euclidean', 'n_neighbors': 12, 'weights': 'distance'}
015,4,0,67,271.9577593803406,{'leaf_size': 5, 'metric': 'euclidean', 'n_neighbors': 12, 'weights': 'distance'}
005,1,0,58,337.6739196777344,{'leaf_size': 5, 'metric': 'euclidean', 'n_neighbors': 12, 'weights': 'distance'}
020,0,0,63,286.24742794036865,{'leaf_size': 5, 'metric': 'euclidean', 'n_neighbors': 12, 'weights': 'distance'}
005,0,0,62,350.8176836967468,{'leaf_size': 5, 'metric': 'euclidean', 'n_neighbors': 12, 'weights': 'uniform'}
015,1,0,66,315.92409682273865,{'leaf_size': 5, 'metric': 'euclidean', 'n_neighbors': 12, 'weights': 'distance'}
015,0,0,65,322.76523542404175,{'leaf_size': 5, 'metric': 'euclidean', 'n_neighbors': 12, 'weights': 'distance'}
015,2,0,66,313.9860997200012,{'leaf_size': 5, 'metric': 'euclidean', 'n_neighbors': 12, 'weights': 'distance'}
010,1,0,59,342.24649119377136,{'leaf_size': 5, 'metric': 'euclidean', 'n_neighbors': 12, 'weights': 'distance'}
020,1,0,57,311.0954632759094,{'leaf_size': 5, 'metric': 'euclidean', 'n_neighbors': 12, 'weights': 'distance'}
030,0,0,66,352.689964056015,{'leaf_size': 5, 'metric': 'euclidean', 'n_neighbors': 18, 'weights': 'distance'}
030,3,0,66,349.0495533943176,{'leaf_size': 5, 'metric': 'manhattan', 'n_neighbors': 18, 'weights': 'distance'}
020,3,0,63,356.8533480167389,{'leaf_size': 5, 'metric': 'euclidean', 'n_neighbors': 12, 'weights': 'distance'}
010,4,0,63,389.11694145202637,{'leaf_size': 5, 'metric': 'euclidean', 'n_neighbors': 12, 'weights': 'distance'}
030,2,0,63,350.60635924339294,{'leaf_size': 5, 'metric': 'manhattan', 'n_neighbors': 28, 'weights': 'distance'}
005,3,0,57,413.24695444107056,{'leaf_size': 5, 'metric': 'euclidean', 'n_neighbors': 12, 'weights': 'uniform'}
100,1,0,50,299.1321589946747,{'leaf_size': 5, 'metric': 'euclidean', 'n_neighbors': 18, 'weights': 'distance'}
030,1,0,70,361.5446193218231,{'leaf_size': 5, 'metric': 'euclidean', 'n_neighbors': 18, 'weights': 'distance'}
030,4,0,68,354.6218979358673,{'leaf_size': 5, 'metric': 'euclidean', 'n_neighbors': 18, 'weights': 'distance'}
020,2,0,65,370.05683755874634,{'leaf_size': 5, 'metric': 'euclidean', 'n_neighbors': 12, 'weights': 'distance'}
015,3,0,66,402.2061755657196,{'leaf_size': 5, 'metric': 'euclidean', 'n_neighbors': 12, 'weights': 'distance'}
020,4,0,67,417.7974970340729,{'leaf_size': 5, 'metric': 'euclidean', 'n_neighbors': 12, 'weights': 'distance'}
100,2,0,50,398.3811640739441,{'leaf_size': 5, 'metric': 'euclidean', 'n_neighbors': 18, 'weights': 'distance'}
100,0,0,50,397.3784849643707,{'leaf_size': 5, 'metric': 'euclidean', 'n_neighbors': 12, 'weights': 'distance'}
060,2,0,71,430.7425501346588,{'leaf_size': 5, 'metric': 'euclidean', 'n_neighbors': 12, 'weights': 'distance'}
060,0,0,66,448.4833664894104,{'leaf_size': 5, 'metric': 'manhattan', 'n_neighbors': 28, 'weights': 'distance'}
100,3,0,50,431.2152647972107,{'leaf_size': 5, 'metric': 'euclidean', 'n_neighbors': 18, 'weights': 'distance'}
060,4,0,72,432.7632803916931,{'leaf_size': 5, 'metric': 'euclidean', 'n_neighbors': 28, 'weights': 'distance'}
060,3,0,69,448.63134765625,{'leaf_size': 5, 'metric': 'manhattan', 'n_neighbors': 28, 'weights': 'distance'}
060,1,0,68,490.3479676246643,{'leaf_size': 5, 'metric': 'euclidean', 'n_neighbors': 18, 'weights': 'distance'}
010,0,0,54,201.6896903514862,{'leaf_size': 5, 'metric': 'euclidean', 'n_neighbors': 12, 'weights': 'distance'}
015,4,0,67,203.05763745307922,{'leaf_size': 5, 'metric': 'euclidean', 'n_neighbors': 12, 'weights': 'distance'}
010,3,0,60,250.19983959197998,{'leaf_size': 5, 'metric': 'euclidean', 'n_neighbors': 12, 'weights': 'distance'}
015,2,0,66,247.9128885269165,{'leaf_size': 5, 'metric': 'euclidean', 'n_neighbors': 12, 'weights': 'distance'}
020,3,0,63,227.1754388809204,{'leaf_size': 5, 'metric': 'euclidean', 'n_neighbors': 12, 'weights': 'distance'}
020,4,0,67,228.9909975528717,{'leaf_size': 5, 'metric': 'euclidean', 'n_neighbors': 12, 'weights': 'distance'}
005,1,0,58,279.5723226070404,{'leaf_size': 5, 'metric': 'euclidean', 'n_neighbors': 12, 'weights': 'distance'}
010,1,0,59,276.35659551620483,{'leaf_size': 5, 'metric': 'euclidean', 'n_neighbors': 12, 'weights': 'distance'}
005,0,0,62,302.6295003890991,{'leaf_size': 5, 'metric': 'euclidean', 'n_neighbors': 12, 'weights': 'distance'}
030,2,0,71,257.53111958503723,{'leaf_size': 5, 'metric': 'euclidean', 'n_neighbors': 12, 'weights': 'distance'}
030,4,0,68,253.35842061042786,{'leaf_size': 5, 'metric': 'euclidean', 'n_neighbors': 12, 'weights': 'distance'}
005,3,0,57,324.42277336120605,{'leaf_size': 5, 'metric': 'euclidean', 'n_neighbors': 12, 'weights': 'distance'}
060,4,0,67,247.37193632125854,{'leaf_size': 5, 'metric': 'manhattan', 'n_neighbors': 12, 'weights': 'distance'}
020,0,0,63,307.9941291809082,{'leaf_size': 5, 'metric': 'euclidean', 'n_neighbors': 12, 'weights': 'distance'}
060,2,0,73,267.4061076641083,{'leaf_size': 5, 'metric': 'euclidean', 'n_neighbors': 18, 'weights': 'distance'}
060,3,0,69,282.3018305301666,{'leaf_size': 5, 'metric': 'euclidean', 'n_neighbors': 28, 'weights': 'distance'}
020,2,0,65,322.21906566619873,{'leaf_size': 5, 'metric': 'euclidean', 'n_neighbors': 12, 'weights': 'distance'}
100,1,0,50,267.0735023021698,{'leaf_size': 5, 'metric': 'euclidean', 'n_neighbors': 12, 'weights': 'distance'}
015,0,0,65,350.16688776016235,{'leaf_size': 5, 'metric': 'euclidean', 'n_neighbors': 12, 'weights': 'distance'}
005,2,0,54,385.72314739227295,{'leaf_size': 5, 'metric': 'euclidean', 'n_neighbors': 12, 'weights': 'distance'}
005,4,0,62,387.61740922927856,{'leaf_size': 5, 'metric': 'euclidean', 'n_neighbors': 12, 'weights': 'distance'}
015,3,0,66,360.146018743515,{'leaf_size': 5, 'metric': 'euclidean', 'n_neighbors': 12, 'weights': 'distance'}
030,3,0,66,337.76475954055786,{'leaf_size': 5, 'metric': 'euclidean', 'n_neighbors': 12, 'weights': 'distance'}
060,1,0,65,338.08703875541687,{'leaf_size': 5, 'metric': 'manhattan', 'n_neighbors': 18, 'weights': 'distance'}
010,4,0,63,397.1954810619354,{'leaf_size': 5, 'metric': 'euclidean', 'n_neighbors': 12, 'weights': 'distance'}
015,1,0,66,410.59899950027466,{'leaf_size': 5, 'metric': 'euclidean', 'n_neighbors': 12, 'weights': 'distance'}
010,2,0,54,431.95703959465027,{'leaf_size': 5, 'metric': 'euclidean', 'n_neighbors': 12, 'weights': 'distance'}
030,0,0,66,428.0871593952179,{'leaf_size': 5, 'metric': 'manhattan', 'n_neighbors': 28, 'weights': 'distance'}
060,0,0,66,433.73862290382385,{'leaf_size': 5, 'metric': 'manhattan', 'n_neighbors': 28, 'weights': 'distance'}
030,1,0,70,471.119313955307,{'leaf_size': 5, 'metric': 'euclidean', 'n_neighbors': 18, 'weights': 'distance'}
020,1,0,58,487.0498366355896,{'leaf_size': 5, 'metric': 'euclidean', 'n_neighbors': 18, 'weights': 'distance'}
100,0,0,50,437.5082926750183,{'leaf_size': 5, 'metric': 'euclidean', 'n_neighbors': 18, 'weights': 'distance'}
100,2,0,56,466.62553811073303,{'leaf_size': 5, 'metric': 'euclidean', 'n_neighbors': 28, 'weights': 'distance'}
010,3,0,60,240.10342025756836,{'leaf_size': 5, 'metric': 'euclidean', 'n_neighbors': 12, 'weights': 'distance'}
005,4,0,62,268.53681802749634,{'leaf_size': 5, 'metric': 'euclidean', 'n_neighbors': 12, 'weights': 'distance'}
005,1,0,58,283.6750268936157,{'leaf_size': 5, 'metric': 'euclidean', 'n_neighbors': 12, 'weights': 'distance'}
015,3,0,66,269.2993109226227,{'leaf_size': 5, 'metric': 'euclidean', 'n_neighbors': 12, 'weights': 'distance'}
010,1,0,59,290.97741055488586,{'leaf_size': 5, 'metric': 'euclidean', 'n_neighbors': 12, 'weights': 'distance'}
060,0,0,71,228.98566055297852,{'leaf_size': 5, 'metric': 'euclidean', 'n_neighbors': 28, 'weights': 'distance'}
030,4,0,68,233.34230661392212,{'leaf_size': 5, 'metric': 'euclidean', 'n_neighbors': 12, 'weights': 'distance'}
005,0,0,62,340.99515652656555,{'leaf_size': 5, 'metric': 'euclidean', 'n_neighbors': 12, 'weights': 'uniform'}
020,0,0,63,307.0785427093506,{'leaf_size': 5, 'metric': 'euclidean', 'n_neighbors': 12, 'weights': 'distance'}
015,0,0,65,321.93311882019043,{'leaf_size': 5, 'metric': 'euclidean', 'n_neighbors': 12, 'weights': 'distance'}
010,2,0,54,353.89487051963806,{'leaf_size': 5, 'metric': 'euclidean', 'n_neighbors': 12, 'weights': 'distance'}
030,0,0,66,338.8598828315735,{'leaf_size': 5, 'metric': 'euclidean', 'n_neighbors': 12, 'weights': 'distance'}
015,4,0,67,364.045028924942,{'leaf_size': 5, 'metric': 'euclidean', 'n_neighbors': 12, 'weights': 'distance'}
030,2,0,67,348.0719544887543,{'leaf_size': 5, 'metric': 'manhattan', 'n_neighbors': 18, 'weights': 'distance'}
005,3,0,57,404.6148567199707,{'leaf_size': 5, 'metric': 'euclidean', 'n_neighbors': 12, 'weights': 'uniform'}
060,3,0,70,305.80950927734375,{'leaf_size': 5, 'metric': 'euclidean', 'n_neighbors': 12, 'weights': 'distance'}
015,2,0,66,385.9104187488556,{'leaf_size': 5, 'metric': 'euclidean', 'n_neighbors': 12, 'weights': 'distance'}
010,0,0,54,410.4899413585663,{'leaf_size': 5, 'metric': 'euclidean', 'n_neighbors': 12, 'weights': 'distance'}
100,0,0,50,288.5777118206024,{'leaf_size': 5, 'metric': 'euclidean', 'n_neighbors': 18, 'weights': 'distance'}
030,3,0,66,392.3096764087677,{'leaf_size': 5, 'metric': 'euclidean', 'n_neighbors': 12, 'weights': 'distance'}
100,3,0,50,315.69744205474854,{'leaf_size': 5, 'metric': 'euclidean', 'n_neighbors': 18, 'weights': 'distance'}
020,2,0,65,411.6817045211792,{'leaf_size': 5, 'metric': 'euclidean', 'n_neighbors': 12, 'weights': 'distance'}
010,4,0,63,429.72435450553894,{'leaf_size': 5, 'metric': 'euclidean', 'n_neighbors': 12, 'weights': 'distance'}
060,4,0,69,319.0199646949768,{'leaf_size': 5, 'metric': 'euclidean', 'n_neighbors': 12, 'weights': 'distance'}
015,1,0,66,425.02664971351624,{'leaf_size': 5, 'metric': 'euclidean', 'n_neighbors': 12, 'weights': 'distance'}
020,3,0,63,420.85804867744446,{'leaf_size': 5, 'metric': 'euclidean', 'n_neighbors': 12, 'weights': 'distance'}
005,2,0,54,464.1738426685333,{'leaf_size': 5, 'metric': 'euclidean', 'n_neighbors': 12, 'weights': 'distance'}
020,1,0,57,443.927672624588,{'leaf_size': 5, 'metric': 'euclidean', 'n_neighbors': 12, 'weights': 'distance'}
030,1,0,72,434.3650231361389,{'leaf_size': 5, 'metric': 'euclidean', 'n_neighbors': 12, 'weights': 'distance'}
060,2,0,71,424.6765522956848,{'leaf_size': 5, 'metric': 'euclidean', 'n_neighbors': 12, 'weights': 'distance'}
020,4,0,67,470.24057173728943,{'leaf_size': 5, 'metric': 'euclidean', 'n_neighbors': 12, 'weights': 'distance'}
100,2,0,55,362.99973940849304,{'leaf_size': 5, 'metric': 'euclidean', 'n_neighbors': 28, 'weights': 'distance'}
060,1,0,65,477.8166058063507,{'leaf_size': 5, 'metric': 'manhattan', 'n_neighbors': 12, 'weights': 'distance'}
100,1,0,50,412.8436005115509,{'leaf_size': 5, 'metric': 'euclidean', 'n_neighbors': 18, 'weights': 'distance'}
