005,0,0,60,18.0951144695282,{'activation': 'logistic', 'alpha': 0.0001, 'hidden_layer_sizes': (25,), 'learning_rate': 'constant', 'max_iter': 5000, 'solver': 'sgd'}
005,1,0,75,18.091764450073242,{'activation': 'logistic', 'alpha': 0.0001, 'hidden_layer_sizes': (25,), 'learning_rate': 'constant', 'max_iter': 5000, 'solver': 'sgd'}
005,2,0,70,15.718735456466675,{'activation': 'logistic', 'alpha': 0.0001, 'hidden_layer_sizes': (25,), 'learning_rate': 'constant', 'max_iter': 5000, 'solver': 'adam'}
005,3,0,80,14.10444974899292,{'activation': 'logistic', 'alpha': 0.0001, 'hidden_layer_sizes': (25,), 'learning_rate': 'constant', 'max_iter': 5000, 'solver': 'sgd'}
005,4,0,55,17.669131994247437,{'activation': 'logistic', 'alpha': 0.0001, 'hidden_layer_sizes': (25,), 'learning_rate': 'constant', 'max_iter': 5000, 'solver': 'sgd'}
010,0,0,75,18.587031364440918,{'activation': 'logistic', 'alpha': 0.0001, 'hidden_layer_sizes': (25,), 'learning_rate': 'constant', 'max_iter': 5000, 'solver': 'sgd'}
010,1,0,70,19.019302368164062,{'activation': 'logistic', 'alpha': 0.0001, 'hidden_layer_sizes': (25,), 'learning_rate': 'constant', 'max_iter': 5000, 'solver': 'adam'}
010,2,0,70,17.596917867660522,{'activation': 'logistic', 'alpha': 0.0001, 'hidden_layer_sizes': (25,), 'learning_rate': 'constant', 'max_iter': 5000, 'solver': 'adam'}
010,3,0,70,17.105756759643555,{'activation': 'logistic', 'alpha': 0.0001, 'hidden_layer_sizes': (25,), 'learning_rate': 'constant', 'max_iter': 5000, 'solver': 'adam'}
010,4,0,80,18.602750301361084,{'activation': 'logistic', 'alpha': 0.0001, 'hidden_layer_sizes': (25,), 'learning_rate': 'constant', 'max_iter': 5000, 'solver': 'sgd'}
015,0,0,65,20.17153310775757,{'activation': 'logistic', 'alpha': 0.0001, 'hidden_layer_sizes': (25,), 'learning_rate': 'constant', 'max_iter': 5000, 'solver': 'adam'}
015,1,0,80,20.716848134994507,{'activation': 'logistic', 'alpha': 0.0001, 'hidden_layer_sizes': (25,), 'learning_rate': 'constant', 'max_iter': 5000, 'solver': 'adam'}
015,2,0,75,20.575022220611572,{'activation': 'logistic', 'alpha': 0.0001, 'hidden_layer_sizes': (25,), 'learning_rate': 'constant', 'max_iter': 5000, 'solver': 'adam'}
015,3,0,85,20.229528188705444,{'activation': 'logistic', 'alpha': 0.0001, 'hidden_layer_sizes': (25,), 'learning_rate': 'constant', 'max_iter': 5000, 'solver': 'adam'}
015,4,0,85,20.96101140975952,{'activation': 'logistic', 'alpha': 0.0001, 'hidden_layer_sizes': (25,), 'learning_rate': 'constant', 'max_iter': 5000, 'solver': 'adam'}
020,0,0,80,22.367669820785522,{'activation': 'logistic', 'alpha': 0.0001, 'hidden_layer_sizes': (25,), 'learning_rate': 'constant', 'max_iter': 5000, 'solver': 'adam'}
020,1,0,75,22.258445024490356,{'activation': 'logistic', 'alpha': 0.0001, 'hidden_layer_sizes': (25,), 'learning_rate': 'constant', 'max_iter': 5000, 'solver': 'adam'}
020,2,0,80,22.515419960021973,{'activation': 'logistic', 'alpha': 0.0001, 'hidden_layer_sizes': (25,), 'learning_rate': 'constant', 'max_iter': 5000, 'solver': 'adam'}
020,3,0,70,22.370614767074585,{'activation': 'logistic', 'alpha': 0.0001, 'hidden_layer_sizes': (25,), 'learning_rate': 'constant', 'max_iter': 5000, 'solver': 'adam'}
020,4,0,80,22.533786296844482,{'activation': 'logistic', 'alpha': 0.0001, 'hidden_layer_sizes': (25,), 'learning_rate': 'constant', 'max_iter': 5000, 'solver': 'adam'}
005,0,0,60,18.071474313735962,{'activation': 'logistic', 'alpha': 0.0001, 'hidden_layer_sizes': (25,), 'learning_rate': 'constant', 'max_iter': 5000, 'solver': 'sgd'}
005,1,0,75,17.416616916656494,{'activation': 'logistic', 'alpha': 0.0001, 'hidden_layer_sizes': (25,), 'learning_rate': 'constant', 'max_iter': 5000, 'solver': 'sgd'}
005,2,0,50,16.789734601974487,{'activation': 'logistic', 'alpha': 0.0001, 'hidden_layer_sizes': (25,), 'learning_rate': 'constant', 'max_iter': 5000, 'solver': 'sgd'}
005,3,0,75,14.667404413223267,{'activation': 'logistic', 'alpha': 0.0001, 'hidden_layer_sizes': (25,), 'learning_rate': 'constant', 'max_iter': 5000, 'solver': 'sgd'}
005,4,0,60,18.45341420173645,{'activation': 'logistic', 'alpha': 0.0001, 'hidden_layer_sizes': (25,), 'learning_rate': 'constant', 'max_iter': 5000, 'solver': 'sgd'}
010,0,0,70,17.292521476745605,{'activation': 'logistic', 'alpha': 0.0001, 'hidden_layer_sizes': (25,), 'learning_rate': 'constant', 'max_iter': 5000, 'solver': 'sgd'}
010,1,0,70,22.349366426467896,{'activation': 'logistic', 'alpha': 0.0001, 'hidden_layer_sizes': (25,), 'learning_rate': 'constant', 'max_iter': 5000, 'solver': 'sgd'}
010,2,0,60,17.315096378326416,{'activation': 'logistic', 'alpha': 0.0001, 'hidden_layer_sizes': (25,), 'learning_rate': 'constant', 'max_iter': 5000, 'solver': 'adam'}
010,3,0,65,19.941554069519043,{'activation': 'logistic', 'alpha': 0.0001, 'hidden_layer_sizes': (25,), 'learning_rate': 'constant', 'max_iter': 5000, 'solver': 'sgd'}
010,4,0,85,18.759633541107178,{'activation': 'logistic', 'alpha': 0.0001, 'hidden_layer_sizes': (25,), 'learning_rate': 'constant', 'max_iter': 5000, 'solver': 'sgd'}
015,0,0,60,19.995460033416748,{'activation': 'logistic', 'alpha': 0.0001, 'hidden_layer_sizes': (25,), 'learning_rate': 'constant', 'max_iter': 5000, 'solver': 'adam'}
015,1,0,80,21.222413063049316,{'activation': 'logistic', 'alpha': 0.0001, 'hidden_layer_sizes': (25,), 'learning_rate': 'constant', 'max_iter': 5000, 'solver': 'adam'}
015,2,0,85,20.52754521369934,{'activation': 'logistic', 'alpha': 0.0001, 'hidden_layer_sizes': (25,), 'learning_rate': 'constant', 'max_iter': 5000, 'solver': 'adam'}
015,3,0,85,20.084641218185425,{'activation': 'logistic', 'alpha': 0.0001, 'hidden_layer_sizes': (25,), 'learning_rate': 'constant', 'max_iter': 5000, 'solver': 'adam'}
015,4,0,85,20.503956079483032,{'activation': 'logistic', 'alpha': 0.0001, 'hidden_layer_sizes': (25,), 'learning_rate': 'constant', 'max_iter': 5000, 'solver': 'adam'}
020,0,0,80,22.33946967124939,{'activation': 'logistic', 'alpha': 0.0001, 'hidden_layer_sizes': (25,), 'learning_rate': 'constant', 'max_iter': 5000, 'solver': 'adam'}
020,1,0,75,22.57906150817871,{'activation': 'logistic', 'alpha': 0.0001, 'hidden_layer_sizes': (25,), 'learning_rate': 'constant', 'max_iter': 5000, 'solver': 'adam'}
020,2,0,80,22.444161415100098,{'activation': 'logistic', 'alpha': 0.0001, 'hidden_layer_sizes': (25,), 'learning_rate': 'constant', 'max_iter': 5000, 'solver': 'adam'}
020,3,0,75,22.212136268615723,{'activation': 'logistic', 'alpha': 0.05, 'hidden_layer_sizes': (25, 25), 'learning_rate': 'constant', 'max_iter': 10000, 'solver': 'adam'}
020,4,0,80,22.115418195724487,{'activation': 'logistic', 'alpha': 0.0001, 'hidden_layer_sizes': (25,), 'learning_rate': 'constant', 'max_iter': 5000, 'solver': 'adam'}
005,0,0,60,15.493567705154419,{'activation': 'logistic', 'alpha': 0.0001, 'hidden_layer_sizes': (25,), 'learning_rate': 'constant', 'max_iter': 5000, 'solver': 'adam'}
005,1,0,75,17.14875841140747,{'activation': 'logistic', 'alpha': 0.0001, 'hidden_layer_sizes': (25,), 'learning_rate': 'constant', 'max_iter': 5000, 'solver': 'sgd'}
005,2,0,80,19.596211194992065,{'activation': 'logistic', 'alpha': 0.0001, 'hidden_layer_sizes': (25,), 'learning_rate': 'constant', 'max_iter': 5000, 'solver': 'sgd'}
005,3,0,70,14.433387279510498,{'activation': 'logistic', 'alpha': 0.0001, 'hidden_layer_sizes': (25,), 'learning_rate': 'constant', 'max_iter': 5000, 'solver': 'sgd'}
005,4,0,60,15.26034665107727,{'activation': 'logistic', 'alpha': 0.0001, 'hidden_layer_sizes': (25,), 'learning_rate': 'constant', 'max_iter': 5000, 'solver': 'adam'}
010,0,0,75,19.37620735168457,{'activation': 'logistic', 'alpha': 0.0001, 'hidden_layer_sizes': (25,), 'learning_rate': 'constant', 'max_iter': 5000, 'solver': 'sgd'}
010,1,0,70,22.153907537460327,{'activation': 'logistic', 'alpha': 0.0001, 'hidden_layer_sizes': (25,), 'learning_rate': 'constant', 'max_iter': 5000, 'solver': 'sgd'}
010,2,0,70,17.395565509796143,{'activation': 'logistic', 'alpha': 0.0001, 'hidden_layer_sizes': (25,), 'learning_rate': 'constant', 'max_iter': 5000, 'solver': 'adam'}
010,3,0,70,17.36540937423706,{'activation': 'logistic', 'alpha': 0.0001, 'hidden_layer_sizes': (25,), 'learning_rate': 'constant', 'max_iter': 5000, 'solver': 'adam'}
010,4,0,70,16.321901321411133,{'activation': 'logistic', 'alpha': 0.0001, 'hidden_layer_sizes': (25,), 'learning_rate': 'constant', 'max_iter': 5000, 'solver': 'adam'}
015,0,0,65,20.25870442390442,{'activation': 'logistic', 'alpha': 0.0001, 'hidden_layer_sizes': (25,), 'learning_rate': 'constant', 'max_iter': 5000, 'solver': 'adam'}
015,1,0,80,21.03598189353943,{'activation': 'logistic', 'alpha': 0.0001, 'hidden_layer_sizes': (25,), 'learning_rate': 'constant', 'max_iter': 5000, 'solver': 'adam'}
015,2,0,80,20.85170316696167,{'activation': 'logistic', 'alpha': 0.0001, 'hidden_layer_sizes': (25,), 'learning_rate': 'constant', 'max_iter': 5000, 'solver': 'adam'}
015,3,0,85,20.101987838745117,{'activation': 'logistic', 'alpha': 0.0001, 'hidden_layer_sizes': (25,), 'learning_rate': 'constant', 'max_iter': 5000, 'solver': 'adam'}
015,4,0,85,20.491268634796143,{'activation': 'logistic', 'alpha': 0.0001, 'hidden_layer_sizes': (25,), 'learning_rate': 'constant', 'max_iter': 5000, 'solver': 'adam'}
020,0,0,80,22.58528161048889,{'activation': 'logistic', 'alpha': 0.0001, 'hidden_layer_sizes': (25,), 'learning_rate': 'constant', 'max_iter': 5000, 'solver': 'adam'}
020,1,0,80,22.075936317443848,{'activation': 'logistic', 'alpha': 0.0001, 'hidden_layer_sizes': (25,), 'learning_rate': 'constant', 'max_iter': 5000, 'solver': 'adam'}
020,2,0,75,22.52580976486206,{'activation': 'logistic', 'alpha': 0.0001, 'hidden_layer_sizes': (25,), 'learning_rate': 'constant', 'max_iter': 5000, 'solver': 'adam'}
020,3,0,80,22.09575915336609,{'activation': 'logistic', 'alpha': 0.0001, 'hidden_layer_sizes': (25,), 'learning_rate': 'constant', 'max_iter': 5000, 'solver': 'adam'}
020,4,0,75,22.42432713508606,{'activation': 'logistic', 'alpha': 0.0001, 'hidden_layer_sizes': (25,), 'learning_rate': 'constant', 'max_iter': 5000, 'solver': 'adam'}
005,0,0,60,18.13863229751587,{'activation': 'logistic', 'alpha': 0.0001, 'hidden_layer_sizes': (25,), 'learning_rate': 'constant', 'max_iter': 5000, 'solver': 'sgd'}
005,1,0,75,17.558409690856934,{'activation': 'logistic', 'alpha': 0.0001, 'hidden_layer_sizes': (25,), 'learning_rate': 'constant', 'max_iter': 5000, 'solver': 'sgd'}
005,2,0,70,15.681400537490845,{'activation': 'logistic', 'alpha': 0.0001, 'hidden_layer_sizes': (25,), 'learning_rate': 'constant', 'max_iter': 5000, 'solver': 'adam'}
005,3,0,75,14.57361650466919,{'activation': 'logistic', 'alpha': 0.0001, 'hidden_layer_sizes': (25,), 'learning_rate': 'constant', 'max_iter': 5000, 'solver': 'sgd'}
005,4,0,65,15.34974479675293,{'activation': 'logistic', 'alpha': 0.0001, 'hidden_layer_sizes': (25,), 'learning_rate': 'constant', 'max_iter': 5000, 'solver': 'adam'}
010,0,0,75,19.20931911468506,{'activation': 'logistic', 'alpha': 0.0001, 'hidden_layer_sizes': (25,), 'learning_rate': 'constant', 'max_iter': 5000, 'solver': 'sgd'}
010,1,0,70,18.784199953079224,{'activation': 'logistic', 'alpha': 0.0001, 'hidden_layer_sizes': (25,), 'learning_rate': 'constant', 'max_iter': 5000, 'solver': 'adam'}
010,2,0,65,17.637680768966675,{'activation': 'logistic', 'alpha': 0.0001, 'hidden_layer_sizes': (25,), 'learning_rate': 'constant', 'max_iter': 5000, 'solver': 'adam'}
010,3,0,65,19.852551221847534,{'activation': 'logistic', 'alpha': 0.0001, 'hidden_layer_sizes': (25,), 'learning_rate': 'constant', 'max_iter': 5000, 'solver': 'sgd'}
010,4,0,80,18.66891360282898,{'activation': 'logistic', 'alpha': 0.0001, 'hidden_layer_sizes': (25,), 'learning_rate': 'constant', 'max_iter': 5000, 'solver': 'sgd'}
015,0,0,60,20.372950553894043,{'activation': 'logistic', 'alpha': 0.0001, 'hidden_layer_sizes': (25,), 'learning_rate': 'constant', 'max_iter': 5000, 'solver': 'adam'}
015,1,0,75,20.9418306350708,{'activation': 'logistic', 'alpha': 0.0001, 'hidden_layer_sizes': (25,), 'learning_rate': 'constant', 'max_iter': 5000, 'solver': 'adam'}
015,2,0,75,20.83187198638916,{'activation': 'logistic', 'alpha': 0.0001, 'hidden_layer_sizes': (25,), 'learning_rate': 'constant', 'max_iter': 5000, 'solver': 'adam'}
015,3,0,85,20.263739585876465,{'activation': 'logistic', 'alpha': 0.0001, 'hidden_layer_sizes': (25,), 'learning_rate': 'constant', 'max_iter': 5000, 'solver': 'adam'}
015,4,0,85,20.75957226753235,{'activation': 'logistic', 'alpha': 0.0001, 'hidden_layer_sizes': (25,), 'learning_rate': 'constant', 'max_iter': 5000, 'solver': 'adam'}
020,0,0,75,23.332653999328613,{'activation': 'relu', 'alpha': 0.0001, 'hidden_layer_sizes': (50, 25, 50), 'learning_rate': 'constant', 'max_iter': 20000, 'solver': 'sgd'}
020,1,0,75,22.024427890777588,{'activation': 'tanh', 'alpha': 0.0001, 'hidden_layer_sizes': (25,), 'learning_rate': 'constant', 'max_iter': 20000, 'solver': 'adam'}
020,2,0,75,22.378756761550903,{'activation': 'logistic', 'alpha': 0.0001, 'hidden_layer_sizes': (25,), 'learning_rate': 'constant', 'max_iter': 5000, 'solver': 'adam'}
020,3,0,75,22.192585229873657,{'activation': 'logistic', 'alpha': 0.0001, 'hidden_layer_sizes': (25,), 'learning_rate': 'constant', 'max_iter': 5000, 'solver': 'adam'}
020,4,0,80,22.082143783569336,{'activation': 'logistic', 'alpha': 0.0001, 'hidden_layer_sizes': (25,), 'learning_rate': 'constant', 'max_iter': 5000, 'solver': 'adam'}
005,0,0,65,16.98172402381897,{'activation': 'logistic', 'alpha': 0.0001, 'hidden_layer_sizes': (25,), 'learning_rate': 'constant', 'max_iter': 5000, 'solver': 'sgd'}
005,1,0,75,17.241541385650635,{'activation': 'logistic', 'alpha': 0.0001, 'hidden_layer_sizes': (25,), 'learning_rate': 'constant', 'max_iter': 5000, 'solver': 'sgd'}
005,2,0,70,15.664997577667236,{'activation': 'logistic', 'alpha': 0.0001, 'hidden_layer_sizes': (25,), 'learning_rate': 'constant', 'max_iter': 5000, 'solver': 'adam'}
005,3,0,70,14.326375722885132,{'activation': 'logistic', 'alpha': 0.0001, 'hidden_layer_sizes': (25,), 'learning_rate': 'constant', 'max_iter': 5000, 'solver': 'sgd'}
005,4,0,55,17.68072509765625,{'activation': 'logistic', 'alpha': 0.0001, 'hidden_layer_sizes': (25,), 'learning_rate': 'constant', 'max_iter': 5000, 'solver': 'sgd'}
010,0,0,70,18.5249662399292,{'activation': 'logistic', 'alpha': 0.0001, 'hidden_layer_sizes': (25,), 'learning_rate': 'constant', 'max_iter': 5000, 'solver': 'sgd'}
010,1,0,70,18.904800176620483,{'activation': 'logistic', 'alpha': 0.0001, 'hidden_layer_sizes': (25,), 'learning_rate': 'constant', 'max_iter': 5000, 'solver': 'adam'}
010,2,0,65,17.689143419265747,{'activation': 'logistic', 'alpha': 0.0001, 'hidden_layer_sizes': (25,), 'learning_rate': 'constant', 'max_iter': 5000, 'solver': 'adam'}
010,3,0,60,19.5584774017334,{'activation': 'logistic', 'alpha': 0.0001, 'hidden_layer_sizes': (25,), 'learning_rate': 'constant', 'max_iter': 5000, 'solver': 'sgd'}
010,4,0,65,16.410683393478394,{'activation': 'logistic', 'alpha': 0.0001, 'hidden_layer_sizes': (25,), 'learning_rate': 'constant', 'max_iter': 5000, 'solver': 'adam'}
015,0,0,65,20.080480337142944,{'activation': 'logistic', 'alpha': 0.0001, 'hidden_layer_sizes': (25,), 'learning_rate': 'constant', 'max_iter': 5000, 'solver': 'adam'}
015,1,0,85,20.60148048400879,{'activation': 'logistic', 'alpha': 0.0001, 'hidden_layer_sizes': (25,), 'learning_rate': 'constant', 'max_iter': 5000, 'solver': 'adam'}
015,2,0,80,20.960058450698853,{'activation': 'logistic', 'alpha': 0.0001, 'hidden_layer_sizes': (25,), 'learning_rate': 'constant', 'max_iter': 5000, 'solver': 'adam'}
015,3,0,85,20.232001781463623,{'activation': 'logistic', 'alpha': 0.0001, 'hidden_layer_sizes': (25,), 'learning_rate': 'constant', 'max_iter': 5000, 'solver': 'adam'}
015,4,0,70,20.784927129745483,{'activation': 'logistic', 'alpha': 0.0001, 'hidden_layer_sizes': (25,), 'learning_rate': 'constant', 'max_iter': 5000, 'solver': 'adam'}
020,0,0,80,22.44703245162964,{'activation': 'logistic', 'alpha': 0.0001, 'hidden_layer_sizes': (25,), 'learning_rate': 'constant', 'max_iter': 5000, 'solver': 'adam'}
020,1,0,70,22.516477823257446,{'activation': 'logistic', 'alpha': 0.0001, 'hidden_layer_sizes': (25,), 'learning_rate': 'constant', 'max_iter': 5000, 'solver': 'adam'}
020,2,0,75,22.491544246673584,{'activation': 'logistic', 'alpha': 0.0001, 'hidden_layer_sizes': (25,), 'learning_rate': 'constant', 'max_iter': 5000, 'solver': 'adam'}
020,3,0,80,21.45691156387329,{'activation': 'relu', 'alpha': 0.0001, 'hidden_layer_sizes': (25, 25), 'learning_rate': 'adaptive', 'max_iter': 5000, 'solver': 'adam'}
020,4,0,75,22.303041219711304,{'activation': 'logistic', 'alpha': 0.0001, 'hidden_layer_sizes': (25,), 'learning_rate': 'constant', 'max_iter': 5000, 'solver': 'adam'}
005,0,0,55,18.321065664291382,{'activation': 'logistic', 'alpha': 0.0001, 'hidden_layer_sizes': (25,), 'learning_rate': 'constant', 'max_iter': 5000, 'solver': 'sgd'}
005,1,0,75,17.058791399002075,{'activation': 'logistic', 'alpha': 0.0001, 'hidden_layer_sizes': (25,), 'learning_rate': 'constant', 'max_iter': 5000, 'solver': 'sgd'}
005,2,0,70,16.008322715759277,{'activation': 'logistic', 'alpha': 0.0001, 'hidden_layer_sizes': (25,), 'learning_rate': 'constant', 'max_iter': 5000, 'solver': 'adam'}
005,3,0,85,14.220673084259033,{'activation': 'logistic', 'alpha': 0.0001, 'hidden_layer_sizes': (25,), 'learning_rate': 'constant', 'max_iter': 5000, 'solver': 'sgd'}
005,4,0,55,17.636151552200317,{'activation': 'logistic', 'alpha': 0.0001, 'hidden_layer_sizes': (25,), 'learning_rate': 'constant', 'max_iter': 5000, 'solver': 'sgd'}
010,0,0,75,18.442947149276733,{'activation': 'logistic', 'alpha': 0.0001, 'hidden_layer_sizes': (25,), 'learning_rate': 'constant', 'max_iter': 5000, 'solver': 'sgd'}
010,1,0,70,18.97053551673889,{'activation': 'logistic', 'alpha': 0.0001, 'hidden_layer_sizes': (25,), 'learning_rate': 'constant', 'max_iter': 5000, 'solver': 'adam'}
010,2,0,70,17.325836420059204,{'activation': 'logistic', 'alpha': 0.0001, 'hidden_layer_sizes': (25,), 'learning_rate': 'constant', 'max_iter': 5000, 'solver': 'adam'}
010,3,0,70,17.210113286972046,{'activation': 'logistic', 'alpha': 0.0001, 'hidden_layer_sizes': (25,), 'learning_rate': 'constant', 'max_iter': 5000, 'solver': 'adam'}
010,4,0,65,16.184667587280273,{'activation': 'logistic', 'alpha': 0.0001, 'hidden_layer_sizes': (25,), 'learning_rate': 'constant', 'max_iter': 5000, 'solver': 'adam'}
015,0,0,65,20.234915256500244,{'activation': 'logistic', 'alpha': 0.0001, 'hidden_layer_sizes': (25,), 'learning_rate': 'constant', 'max_iter': 5000, 'solver': 'adam'}
015,1,0,85,21.28945779800415,{'activation': 'logistic', 'alpha': 0.0001, 'hidden_layer_sizes': (25,), 'learning_rate': 'constant', 'max_iter': 5000, 'solver': 'adam'}
015,2,0,75,20.911497354507446,{'activation': 'logistic', 'alpha': 0.0001, 'hidden_layer_sizes': (25,), 'learning_rate': 'constant', 'max_iter': 5000, 'solver': 'adam'}
015,3,0,85,20.487394094467163,{'activation': 'logistic', 'alpha': 0.0001, 'hidden_layer_sizes': (25,), 'learning_rate': 'constant', 'max_iter': 5000, 'solver': 'adam'}
015,4,0,85,21.20449137687683,{'activation': 'logistic', 'alpha': 0.0001, 'hidden_layer_sizes': (25,), 'learning_rate': 'invscaling', 'max_iter': 10000, 'solver': 'adam'}
020,0,0,80,25.248965740203857,{'activation': 'tanh', 'alpha': 0.0001, 'hidden_layer_sizes': (25,), 'learning_rate': 'constant', 'max_iter': 5000, 'solver': 'sgd'}
020,1,0,75,22.375098705291748,{'activation': 'logistic', 'alpha': 0.0001, 'hidden_layer_sizes': (25,), 'learning_rate': 'constant', 'max_iter': 5000, 'solver': 'adam'}
020,2,0,75,22.533575773239136,{'activation': 'logistic', 'alpha': 0.0001, 'hidden_layer_sizes': (25,), 'learning_rate': 'constant', 'max_iter': 5000, 'solver': 'adam'}
020,3,0,75,22.30953049659729,{'activation': 'logistic', 'alpha': 0.0001, 'hidden_layer_sizes': (25,), 'learning_rate': 'constant', 'max_iter': 5000, 'solver': 'adam'}
020,4,0,80,22.465904712677002,{'activation': 'logistic', 'alpha': 0.0001, 'hidden_layer_sizes': (25,), 'learning_rate': 'constant', 'max_iter': 5000, 'solver': 'adam'}
005,0,0,65,18.114300966262817,{'activation': 'logistic', 'alpha': 0.0001, 'hidden_layer_sizes': (25,), 'learning_rate': 'constant', 'max_iter': 5000, 'solver': 'sgd'}
005,1,0,75,17.810059070587158,{'activation': 'logistic', 'alpha': 0.0001, 'hidden_layer_sizes': (25,), 'learning_rate': 'constant', 'max_iter': 5000, 'solver': 'sgd'}
005,2,0,80,19.747572660446167,{'activation': 'logistic', 'alpha': 0.0001, 'hidden_layer_sizes': (25,), 'learning_rate': 'constant', 'max_iter': 5000, 'solver': 'sgd'}
005,3,0,70,14.734295845031738,{'activation': 'logistic', 'alpha': 0.0001, 'hidden_layer_sizes': (25,), 'learning_rate': 'constant', 'max_iter': 5000, 'solver': 'sgd'}
005,4,0,55,17.71578359603882,{'activation': 'logistic', 'alpha': 0.0001, 'hidden_layer_sizes': (25,), 'learning_rate': 'constant', 'max_iter': 5000, 'solver': 'sgd'}
010,0,0,75,19.024664163589478,{'activation': 'logistic', 'alpha': 0.0001, 'hidden_layer_sizes': (25,), 'learning_rate': 'constant', 'max_iter': 5000, 'solver': 'sgd'}
010,1,0,70,18.739211082458496,{'activation': 'logistic', 'alpha': 0.0001, 'hidden_layer_sizes': (25,), 'learning_rate': 'constant', 'max_iter': 5000, 'solver': 'adam'}
010,2,0,65,17.49733805656433,{'activation': 'logistic', 'alpha': 0.0001, 'hidden_layer_sizes': (25,), 'learning_rate': 'constant', 'max_iter': 5000, 'solver': 'adam'}
010,3,0,70,17.187859773635864,{'activation': 'logistic', 'alpha': 0.0001, 'hidden_layer_sizes': (25,), 'learning_rate': 'constant', 'max_iter': 5000, 'solver': 'adam'}
010,4,0,75,16.26968264579773,{'activation': 'logistic', 'alpha': 0.0001, 'hidden_layer_sizes': (25,), 'learning_rate': 'constant', 'max_iter': 5000, 'solver': 'adam'}
015,0,0,60,20.265480756759644,{'activation': 'logistic', 'alpha': 0.0001, 'hidden_layer_sizes': (25,), 'learning_rate': 'constant', 'max_iter': 5000, 'solver': 'adam'}
015,1,0,80,21.2220139503479,{'activation': 'logistic', 'alpha': 0.0001, 'hidden_layer_sizes': (25,), 'learning_rate': 'constant', 'max_iter': 5000, 'solver': 'adam'}
015,2,0,75,20.64358878135681,{'activation': 'logistic', 'alpha': 0.0001, 'hidden_layer_sizes': (25,), 'learning_rate': 'constant', 'max_iter': 5000, 'solver': 'adam'}
015,3,0,85,21.267560720443726,{'activation': 'tanh', 'alpha': 0.0001, 'hidden_layer_sizes': (25,), 'learning_rate': 'adaptive', 'max_iter': 50000, 'solver': 'sgd'}
015,4,0,80,20.99247145652771,{'activation': 'logistic', 'alpha': 0.0001, 'hidden_layer_sizes': (25,), 'learning_rate': 'constant', 'max_iter': 5000, 'solver': 'adam'}
020,0,0,75,23.054348945617676,{'activation': 'logistic', 'alpha': 0.0001, 'hidden_layer_sizes': (25,), 'learning_rate': 'constant', 'max_iter': 5000, 'solver': 'adam'}
020,1,0,80,22.3547146320343,{'activation': 'logistic', 'alpha': 0.0001, 'hidden_layer_sizes': (25,), 'learning_rate': 'constant', 'max_iter': 5000, 'solver': 'adam'}
020,2,0,75,22.03177523612976,{'activation': 'logistic', 'alpha': 0.0001, 'hidden_layer_sizes': (25,), 'learning_rate': 'constant', 'max_iter': 5000, 'solver': 'adam'}
020,3,0,80,22.861759424209595,{'activation': 'logistic', 'alpha': 0.0001, 'hidden_layer_sizes': (25,), 'learning_rate': 'constant', 'max_iter': 5000, 'solver': 'adam'}
020,4,0,80,22.892240047454834,{'activation': 'logistic', 'alpha': 0.0001, 'hidden_layer_sizes': (25,), 'learning_rate': 'constant', 'max_iter': 5000, 'solver': 'adam'}
005,0,0,55,18.24303412437439,{'activation': 'logistic', 'alpha': 0.0001, 'hidden_layer_sizes': (25,), 'learning_rate': 'constant', 'max_iter': 5000, 'solver': 'sgd'}
005,1,0,75,17.230087518692017,{'activation': 'logistic', 'alpha': 0.0001, 'hidden_layer_sizes': (25,), 'learning_rate': 'constant', 'max_iter': 5000, 'solver': 'sgd'}
005,2,0,70,15.973198890686035,{'activation': 'logistic', 'alpha': 0.0001, 'hidden_layer_sizes': (25,), 'learning_rate': 'constant', 'max_iter': 5000, 'solver': 'adam'}
005,3,0,75,14.42348337173462,{'activation': 'logistic', 'alpha': 0.0001, 'hidden_layer_sizes': (25,), 'learning_rate': 'constant', 'max_iter': 5000, 'solver': 'sgd'}
005,4,0,60,17.91158676147461,{'activation': 'logistic', 'alpha': 0.0001, 'hidden_layer_sizes': (25,), 'learning_rate': 'constant', 'max_iter': 5000, 'solver': 'sgd'}
010,0,0,75,19.428050994873047,{'activation': 'logistic', 'alpha': 0.0001, 'hidden_layer_sizes': (25,), 'learning_rate': 'constant', 'max_iter': 5000, 'solver': 'sgd'}
010,1,0,70,18.75508165359497,{'activation': 'logistic', 'alpha': 0.0001, 'hidden_layer_sizes': (25,), 'learning_rate': 'constant', 'max_iter': 5000, 'solver': 'adam'}
010,2,0,65,17.512491941452026,{'activation': 'logistic', 'alpha': 0.0001, 'hidden_layer_sizes': (25,), 'learning_rate': 'constant', 'max_iter': 5000, 'solver': 'adam'}
010,3,0,60,19.716755390167236,{'activation': 'logistic', 'alpha': 0.0001, 'hidden_layer_sizes': (25,), 'learning_rate': 'constant', 'max_iter': 5000, 'solver': 'sgd'}
010,4,0,75,16.299933195114136,{'activation': 'logistic', 'alpha': 0.0001, 'hidden_layer_sizes': (25,), 'learning_rate': 'constant', 'max_iter': 5000, 'solver': 'adam'}
015,0,0,65,20.192278146743774,{'activation': 'logistic', 'alpha': 0.0001, 'hidden_layer_sizes': (25,), 'learning_rate': 'constant', 'max_iter': 5000, 'solver': 'adam'}
015,1,0,80,21.132541179656982,{'activation': 'logistic', 'alpha': 0.0001, 'hidden_layer_sizes': (25,), 'learning_rate': 'constant', 'max_iter': 5000, 'solver': 'adam'}
015,2,0,75,20.35917043685913,{'activation': 'logistic', 'alpha': 0.0001, 'hidden_layer_sizes': (25,), 'learning_rate': 'constant', 'max_iter': 5000, 'solver': 'adam'}
015,3,0,85,20.29440188407898,{'activation': 'logistic', 'alpha': 0.0001, 'hidden_layer_sizes': (25,), 'learning_rate': 'constant', 'max_iter': 5000, 'solver': 'adam'}
015,4,0,80,20.753739833831787,{'activation': 'logistic', 'alpha': 0.0001, 'hidden_layer_sizes': (25,), 'learning_rate': 'constant', 'max_iter': 5000, 'solver': 'adam'}
020,0,0,80,22.36937689781189,{'activation': 'logistic', 'alpha': 0.0001, 'hidden_layer_sizes': (25,), 'learning_rate': 'constant', 'max_iter': 5000, 'solver': 'adam'}
020,1,0,80,22.262272357940674,{'activation': 'logistic', 'alpha': 0.0001, 'hidden_layer_sizes': (25,), 'learning_rate': 'constant', 'max_iter': 5000, 'solver': 'adam'}
020,2,0,70,22.356394290924072,{'activation': 'logistic', 'alpha': 0.0001, 'hidden_layer_sizes': (50,), 'learning_rate': 'constant', 'max_iter': 5000, 'solver': 'adam'}
020,3,0,65,22.72742772102356,{'activation': 'logistic', 'alpha': 0.0001, 'hidden_layer_sizes': (25,), 'learning_rate': 'constant', 'max_iter': 5000, 'solver': 'adam'}
020,4,0,80,22.13353157043457,{'activation': 'logistic', 'alpha': 0.0001, 'hidden_layer_sizes': (25,), 'learning_rate': 'constant', 'max_iter': 5000, 'solver': 'adam'}
005,0,0,65,18.302919149398804,{'activation': 'logistic', 'alpha': 0.0001, 'hidden_layer_sizes': (25,), 'learning_rate': 'constant', 'max_iter': 5000, 'solver': 'sgd'}
005,1,0,75,17.45768976211548,{'activation': 'logistic', 'alpha': 0.0001, 'hidden_layer_sizes': (25,), 'learning_rate': 'constant', 'max_iter': 5000, 'solver': 'sgd'}
005,2,0,70,15.928965091705322,{'activation': 'logistic', 'alpha': 0.0001, 'hidden_layer_sizes': (25,), 'learning_rate': 'constant', 'max_iter': 5000, 'solver': 'adam'}
005,3,0,80,14.298039197921753,{'activation': 'logistic', 'alpha': 0.0001, 'hidden_layer_sizes': (25,), 'learning_rate': 'constant', 'max_iter': 5000, 'solver': 'sgd'}
005,4,0,55,17.585642099380493,{'activation': 'logistic', 'alpha': 0.0001, 'hidden_layer_sizes': (25,), 'learning_rate': 'constant', 'max_iter': 5000, 'solver': 'sgd'}
010,0,0,75,19.311448097229004,{'activation': 'logistic', 'alpha': 0.0001, 'hidden_layer_sizes': (25,), 'learning_rate': 'constant', 'max_iter': 5000, 'solver': 'sgd'}
010,1,0,70,19.101907968521118,{'activation': 'logistic', 'alpha': 0.0001, 'hidden_layer_sizes': (25,), 'learning_rate': 'constant', 'max_iter': 5000, 'solver': 'adam'}
010,2,0,70,17.700068473815918,{'activation': 'logistic', 'alpha': 0.0001, 'hidden_layer_sizes': (25,), 'learning_rate': 'constant', 'max_iter': 5000, 'solver': 'adam'}
010,3,0,65,18.53664541244507,{'activation': 'logistic', 'alpha': 0.0001, 'hidden_layer_sizes': (25,), 'learning_rate': 'constant', 'max_iter': 5000, 'solver': 'sgd'}
010,4,0,75,16.204679489135742,{'activation': 'logistic', 'alpha': 0.0001, 'hidden_layer_sizes': (25,), 'learning_rate': 'constant', 'max_iter': 5000, 'solver': 'adam'}
015,0,0,65,20.423778295516968,{'activation': 'logistic', 'alpha': 0.0001, 'hidden_layer_sizes': (25,), 'learning_rate': 'constant', 'max_iter': 5000, 'solver': 'adam'}
015,1,0,80,21.155309438705444,{'activation': 'logistic', 'alpha': 0.0001, 'hidden_layer_sizes': (25,), 'learning_rate': 'constant', 'max_iter': 5000, 'solver': 'adam'}
015,2,0,80,20.749694108963013,{'activation': 'logistic', 'alpha': 0.0001, 'hidden_layer_sizes': (25,), 'learning_rate': 'constant', 'max_iter': 5000, 'solver': 'adam'}
015,3,0,85,20.14575958251953,{'activation': 'logistic', 'alpha': 0.0001, 'hidden_layer_sizes': (25,), 'learning_rate': 'constant', 'max_iter': 5000, 'solver': 'adam'}
015,4,0,85,20.481467962265015,{'activation': 'logistic', 'alpha': 0.0001, 'hidden_layer_sizes': (25,), 'learning_rate': 'constant', 'max_iter': 5000, 'solver': 'adam'}
020,0,0,80,22.360502004623413,{'activation': 'logistic', 'alpha': 0.0001, 'hidden_layer_sizes': (25,), 'learning_rate': 'constant', 'max_iter': 10000, 'solver': 'adam'}
020,1,0,75,24.04590630531311,{'activation': 'tanh', 'alpha': 0.0001, 'hidden_layer_sizes': (50, 25, 50), 'learning_rate': 'adaptive', 'max_iter': 50000, 'solver': 'sgd'}
020,2,0,80,22.23423671722412,{'activation': 'logistic', 'alpha': 0.0001, 'hidden_layer_sizes': (25,), 'learning_rate': 'constant', 'max_iter': 5000, 'solver': 'adam'}
020,3,0,75,22.97329092025757,{'activation': 'logistic', 'alpha': 0.0001, 'hidden_layer_sizes': (25,), 'learning_rate': 'constant', 'max_iter': 5000, 'solver': 'adam'}
020,4,0,80,22.40894842147827,{'activation': 'logistic', 'alpha': 0.0001, 'hidden_layer_sizes': (25,), 'learning_rate': 'constant', 'max_iter': 5000, 'solver': 'adam'}
005,0,0,55,19.952565908432007,{'activation': 'logistic', 'alpha': 0.0001, 'hidden_layer_sizes': (25,), 'learning_rate': 'constant', 'max_iter': 5000, 'solver': 'sgd'}
005,1,0,75,17.996601819992065,{'activation': 'logistic', 'alpha': 0.0001, 'hidden_layer_sizes': (25,), 'learning_rate': 'constant', 'max_iter': 5000, 'solver': 'sgd'}
005,2,0,70,15.834448337554932,{'activation': 'logistic', 'alpha': 0.0001, 'hidden_layer_sizes': (25,), 'learning_rate': 'constant', 'max_iter': 5000, 'solver': 'adam'}
005,3,0,70,14.587845802307129,{'activation': 'logistic', 'alpha': 0.0001, 'hidden_layer_sizes': (25,), 'learning_rate': 'constant', 'max_iter': 5000, 'solver': 'sgd'}
005,4,0,50,16.38688635826111,{'activation': 'logistic', 'alpha': 0.0001, 'hidden_layer_sizes': (25,), 'learning_rate': 'constant', 'max_iter': 5000, 'solver': 'sgd'}
010,0,0,75,19.073906898498535,{'activation': 'logistic', 'alpha': 0.0001, 'hidden_layer_sizes': (25,), 'learning_rate': 'constant', 'max_iter': 5000, 'solver': 'sgd'}
010,1,0,70,18.664584159851074,{'activation': 'logistic', 'alpha': 0.0001, 'hidden_layer_sizes': (25,), 'learning_rate': 'constant', 'max_iter': 5000, 'solver': 'adam'}
010,2,0,70,17.356117010116577,{'activation': 'logistic', 'alpha': 0.0001, 'hidden_layer_sizes': (25,), 'learning_rate': 'constant', 'max_iter': 5000, 'solver': 'adam'}
010,3,0,65,19.908726930618286,{'activation': 'logistic', 'alpha': 0.0001, 'hidden_layer_sizes': (25,), 'learning_rate': 'constant', 'max_iter': 5000, 'solver': 'sgd'}
010,4,0,80,18.678587436676025,{'activation': 'logistic', 'alpha': 0.0001, 'hidden_layer_sizes': (25,), 'learning_rate': 'constant', 'max_iter': 5000, 'solver': 'sgd'}
015,0,0,60,20.177252054214478,{'activation': 'logistic', 'alpha': 0.0001, 'hidden_layer_sizes': (25,), 'learning_rate': 'constant', 'max_iter': 5000, 'solver': 'adam'}
015,1,0,80,21.067310333251953,{'activation': 'logistic', 'alpha': 0.0001, 'hidden_layer_sizes': (25,), 'learning_rate': 'constant', 'max_iter': 5000, 'solver': 'adam'}
015,2,0,80,20.791385889053345,{'activation': 'logistic', 'alpha': 0.0001, 'hidden_layer_sizes': (25,), 'learning_rate': 'constant', 'max_iter': 5000, 'solver': 'adam'}
015,3,0,85,20.11113953590393,{'activation': 'logistic', 'alpha': 0.0001, 'hidden_layer_sizes': (25,), 'learning_rate': 'constant', 'max_iter': 5000, 'solver': 'adam'}
015,4,0,85,20.756115674972534,{'activation': 'logistic', 'alpha': 0.0001, 'hidden_layer_sizes': (25,), 'learning_rate': 'constant', 'max_iter': 5000, 'solver': 'adam'}
020,0,0,80,22.605228424072266,{'activation': 'logistic', 'alpha': 0.0001, 'hidden_layer_sizes': (25,), 'learning_rate': 'constant', 'max_iter': 5000, 'solver': 'adam'}
020,1,0,85,24.351608276367188,{'activation': 'tanh', 'alpha': 0.0001, 'hidden_layer_sizes': (50, 25, 50), 'learning_rate': 'adaptive', 'max_iter': 10000, 'solver': 'sgd'}
020,2,0,80,22.085675716400146,{'activation': 'logistic', 'alpha': 0.0001, 'hidden_layer_sizes': (25,), 'learning_rate': 'constant', 'max_iter': 5000, 'solver': 'adam'}
020,3,0,75,22.307552576065063,{'activation': 'logistic', 'alpha': 0.0001, 'hidden_layer_sizes': (25,), 'learning_rate': 'invscaling', 'max_iter': 5000, 'solver': 'adam'}
020,4,0,70,22.558618545532227,{'activation': 'logistic', 'alpha': 0.0001, 'hidden_layer_sizes': (25,), 'learning_rate': 'constant', 'max_iter': 5000, 'solver': 'adam'}
