005,0,0,50,10.941269397735596,{'activation': 'logistic', 'alpha': 0.0001, 'hidden_layer_sizes': (50, 50), 'learning_rate': 'constant', 'max_iter': 50000, 'solver': 'sgd'}
005,1,0,75,11.195575952529907,{'activation': 'relu', 'alpha': 0.0001, 'hidden_layer_sizes': (50, 25, 50), 'learning_rate': 'constant', 'max_iter': 5000, 'solver': 'sgd'}
005,2,0,55,11.456015825271606,{'activation': 'relu', 'alpha': 0.0001, 'hidden_layer_sizes': (50, 50), 'learning_rate': 'invscaling', 'max_iter': 50000, 'solver': 'sgd'}
005,3,0,50,10.39778208732605,{'activation': 'logistic', 'alpha': 0.0001, 'hidden_layer_sizes': (50, 50), 'learning_rate': 'adaptive', 'max_iter': 5000, 'solver': 'sgd'}
005,4,0,50,11.083123922348022,{'activation': 'logistic', 'alpha': 0.0001, 'hidden_layer_sizes': (50,), 'learning_rate': 'invscaling', 'max_iter': 20000, 'solver': 'sgd'}
010,0,0,65,11.898385524749756,{'activation': 'relu', 'alpha': 0.0001, 'hidden_layer_sizes': (50, 25, 50), 'learning_rate': 'invscaling', 'max_iter': 50000, 'solver': 'sgd'}
010,1,0,45,12.488836765289307,{'activation': 'relu', 'alpha': 0.0001, 'hidden_layer_sizes': (25, 25), 'learning_rate': 'invscaling', 'max_iter': 5000, 'solver': 'sgd'}
010,2,0,70,12.066052913665771,{'activation': 'relu', 'alpha': 0.0001, 'hidden_layer_sizes': (25, 25), 'learning_rate': 'constant', 'max_iter': 10000, 'solver': 'adam'}
010,3,0,65,12.254614353179932,{'activation': 'tanh', 'alpha': 0.0001, 'hidden_layer_sizes': (50,), 'learning_rate': 'constant', 'max_iter': 5000, 'solver': 'sgd'}
010,4,0,45,11.728773593902588,{'activation': 'logistic', 'alpha': 0.0001, 'hidden_layer_sizes': (50, 50), 'learning_rate': 'adaptive', 'max_iter': 50000, 'solver': 'sgd'}
015,0,0,50,13.549418449401855,{'activation': 'tanh', 'alpha': 0.05, 'hidden_layer_sizes': (50,), 'learning_rate': 'invscaling', 'max_iter': 10000, 'solver': 'sgd'}
015,1,0,50,14.190454244613647,{'activation': 'relu', 'alpha': 0.05, 'hidden_layer_sizes': (50, 25, 50), 'learning_rate': 'invscaling', 'max_iter': 10000, 'solver': 'sgd'}
015,2,0,65,13.464303016662598,{'activation': 'tanh', 'alpha': 0.0001, 'hidden_layer_sizes': (50,), 'learning_rate': 'invscaling', 'max_iter': 50000, 'solver': 'sgd'}
015,3,0,70,14.240637063980103,{'activation': 'tanh', 'alpha': 0.0001, 'hidden_layer_sizes': (25, 25), 'learning_rate': 'adaptive', 'max_iter': 50000, 'solver': 'sgd'}
015,4,0,50,13.750757455825806,{'activation': 'relu', 'alpha': 0.0001, 'hidden_layer_sizes': (50,), 'learning_rate': 'invscaling', 'max_iter': 20000, 'solver': 'sgd'}
020,0,0,85,15.980909824371338,{'activation': 'tanh', 'alpha': 0.0001, 'hidden_layer_sizes': (50, 25, 50), 'learning_rate': 'constant', 'max_iter': 5000, 'solver': 'sgd'}
020,1,0,75,15.261086702346802,{'activation': 'tanh', 'alpha': 0.0001, 'hidden_layer_sizes': (25, 25), 'learning_rate': 'adaptive', 'max_iter': 10000, 'solver': 'adam'}
020,2,0,75,15.196077108383179,{'activation': 'logistic', 'alpha': 0.0001, 'hidden_layer_sizes': (25,), 'learning_rate': 'invscaling', 'max_iter': 50000, 'solver': 'adam'}
020,3,0,85,16.452666997909546,{'activation': 'logistic', 'alpha': 0.0001, 'hidden_layer_sizes': (50,), 'learning_rate': 'constant', 'max_iter': 10000, 'solver': 'sgd'}
020,4,0,80,15.873852729797363,{'activation': 'tanh', 'alpha': 0.0001, 'hidden_layer_sizes': (50,), 'learning_rate': 'adaptive', 'max_iter': 5000, 'solver': 'sgd'}
005,0,0,50,10.867591619491577,{'activation': 'logistic', 'alpha': 0.05, 'hidden_layer_sizes': (25, 25), 'learning_rate': 'invscaling', 'max_iter': 50000, 'solver': 'sgd'}
005,1,0,50,11.103305339813232,{'activation': 'tanh', 'alpha': 0.0001, 'hidden_layer_sizes': (25,), 'learning_rate': 'invscaling', 'max_iter': 20000, 'solver': 'sgd'}
005,2,0,50,11.0633864402771,{'activation': 'logistic', 'alpha': 0.0001, 'hidden_layer_sizes': (25,), 'learning_rate': 'invscaling', 'max_iter': 10000, 'solver': 'sgd'}
005,3,0,55,10.78957724571228,{'activation': 'tanh', 'alpha': 0.0001, 'hidden_layer_sizes': (25, 25), 'learning_rate': 'invscaling', 'max_iter': 10000, 'solver': 'sgd'}
005,4,0,50,10.966763019561768,{'activation': 'logistic', 'alpha': 0.0001, 'hidden_layer_sizes': (25,), 'learning_rate': 'invscaling', 'max_iter': 10000, 'solver': 'sgd'}
010,0,0,60,11.604215860366821,{'activation': 'relu', 'alpha': 0.05, 'hidden_layer_sizes': (25,), 'learning_rate': 'invscaling', 'max_iter': 50000, 'solver': 'sgd'}
010,1,0,60,12.67194390296936,{'activation': 'relu', 'alpha': 0.0001, 'hidden_layer_sizes': (25,), 'learning_rate': 'invscaling', 'max_iter': 20000, 'solver': 'sgd'}
010,2,0,60,12.383126974105835,{'activation': 'tanh', 'alpha': 0.05, 'hidden_layer_sizes': (50,), 'learning_rate': 'invscaling', 'max_iter': 20000, 'solver': 'sgd'}
010,3,0,45,12.184136629104614,{'activation': 'relu', 'alpha': 0.05, 'hidden_layer_sizes': (25,), 'learning_rate': 'invscaling', 'max_iter': 10000, 'solver': 'sgd'}
010,4,0,65,12.329972505569458,{'activation': 'tanh', 'alpha': 0.0001, 'hidden_layer_sizes': (50, 50), 'learning_rate': 'constant', 'max_iter': 10000, 'solver': 'sgd'}
015,0,0,45,13.816311359405518,{'activation': 'relu', 'alpha': 0.0001, 'hidden_layer_sizes': (50, 25, 50), 'learning_rate': 'invscaling', 'max_iter': 20000, 'solver': 'sgd'}
015,1,0,75,15.179827213287354,{'activation': 'relu', 'alpha': 0.05, 'hidden_layer_sizes': (50, 25, 50), 'learning_rate': 'constant', 'max_iter': 50000, 'solver': 'sgd'}
015,2,0,55,13.856889724731445,{'activation': 'relu', 'alpha': 0.05, 'hidden_layer_sizes': (25, 25), 'learning_rate': 'invscaling', 'max_iter': 10000, 'solver': 'sgd'}
015,3,0,55,13.812787771224976,{'activation': 'tanh', 'alpha': 0.0001, 'hidden_layer_sizes': (25,), 'learning_rate': 'invscaling', 'max_iter': 10000, 'solver': 'sgd'}
015,4,0,50,14.016364097595215,{'activation': 'tanh', 'alpha': 0.0001, 'hidden_layer_sizes': (50, 25, 50), 'learning_rate': 'invscaling', 'max_iter': 20000, 'solver': 'sgd'}
020,0,0,70,15.183485507965088,{'activation': 'logistic', 'alpha': 0.0001, 'hidden_layer_sizes': (25,), 'learning_rate': 'constant', 'max_iter': 10000, 'solver': 'adam'}
020,1,0,70,15.538330554962158,{'activation': 'logistic', 'alpha': 0.05, 'hidden_layer_sizes': (25,), 'learning_rate': 'constant', 'max_iter': 10000, 'solver': 'adam'}
020,2,0,75,15.272676944732666,{'activation': 'logistic', 'alpha': 0.0001, 'hidden_layer_sizes': (25,), 'learning_rate': 'constant', 'max_iter': 10000, 'solver': 'sgd'}
020,3,0,40,14.73619532585144,{'activation': 'tanh', 'alpha': 0.05, 'hidden_layer_sizes': (50,), 'learning_rate': 'invscaling', 'max_iter': 50000, 'solver': 'sgd'}
020,4,0,75,15.501975059509277,{'activation': 'tanh', 'alpha': 0.05, 'hidden_layer_sizes': (50, 25, 50), 'learning_rate': 'adaptive', 'max_iter': 50000, 'solver': 'adam'}
005,0,0,55,11.09059476852417,{'activation': 'relu', 'alpha': 0.05, 'hidden_layer_sizes': (25, 25), 'learning_rate': 'invscaling', 'max_iter': 5000, 'solver': 'sgd'}
005,1,0,50,11.232032775878906,{'activation': 'relu', 'alpha': 0.0001, 'hidden_layer_sizes': (50, 50), 'learning_rate': 'invscaling', 'max_iter': 5000, 'solver': 'sgd'}
005,2,0,50,11.519458293914795,{'activation': 'relu', 'alpha': 0.05, 'hidden_layer_sizes': (50, 25, 50), 'learning_rate': 'invscaling', 'max_iter': 5000, 'solver': 'sgd'}
005,3,0,75,10.504598379135132,{'activation': 'logistic', 'alpha': 0.0001, 'hidden_layer_sizes': (25,), 'learning_rate': 'constant', 'max_iter': 5000, 'solver': 'adam'}
005,4,0,60,11.383544921875,{'activation': 'relu', 'alpha': 0.0001, 'hidden_layer_sizes': (25, 25), 'learning_rate': 'invscaling', 'max_iter': 50000, 'solver': 'sgd'}
010,0,0,45,11.800662994384766,{'activation': 'tanh', 'alpha': 0.05, 'hidden_layer_sizes': (50,), 'learning_rate': 'invscaling', 'max_iter': 10000, 'solver': 'sgd'}
010,1,0,75,14.200152158737183,{'activation': 'logistic', 'alpha': 0.0001, 'hidden_layer_sizes': (25,), 'learning_rate': 'adaptive', 'max_iter': 20000, 'solver': 'sgd'}
010,2,0,70,12.590052604675293,{'activation': 'logistic', 'alpha': 0.05, 'hidden_layer_sizes': (50, 25, 50), 'learning_rate': 'adaptive', 'max_iter': 20000, 'solver': 'adam'}
010,3,0,75,12.012568950653076,{'activation': 'tanh', 'alpha': 0.0001, 'hidden_layer_sizes': (25,), 'learning_rate': 'invscaling', 'max_iter': 10000, 'solver': 'sgd'}
010,4,0,55,11.929908275604248,{'activation': 'tanh', 'alpha': 0.0001, 'hidden_layer_sizes': (50, 50), 'learning_rate': 'invscaling', 'max_iter': 20000, 'solver': 'sgd'}
015,0,0,75,14.242888689041138,{'activation': 'relu', 'alpha': 0.0001, 'hidden_layer_sizes': (50, 25, 50), 'learning_rate': 'constant', 'max_iter': 20000, 'solver': 'sgd'}
015,1,0,45,13.64565658569336,{'activation': 'tanh', 'alpha': 0.05, 'hidden_layer_sizes': (50, 25, 50), 'learning_rate': 'invscaling', 'max_iter': 20000, 'solver': 'sgd'}
015,2,0,75,14.204968214035034,{'activation': 'tanh', 'alpha': 0.05, 'hidden_layer_sizes': (50,), 'learning_rate': 'invscaling', 'max_iter': 50000, 'solver': 'sgd'}
015,3,0,90,14.17249059677124,{'activation': 'tanh', 'alpha': 0.0001, 'hidden_layer_sizes': (50, 25, 50), 'learning_rate': 'adaptive', 'max_iter': 5000, 'solver': 'sgd'}
015,4,0,70,14.649231672286987,{'activation': 'tanh', 'alpha': 0.05, 'hidden_layer_sizes': (50,), 'learning_rate': 'adaptive', 'max_iter': 50000, 'solver': 'sgd'}
020,0,0,85,15.516451835632324,{'activation': 'tanh', 'alpha': 0.05, 'hidden_layer_sizes': (25,), 'learning_rate': 'constant', 'max_iter': 10000, 'solver': 'sgd'}
020,1,0,75,15.562733173370361,{'activation': 'logistic', 'alpha': 0.05, 'hidden_layer_sizes': (50,), 'learning_rate': 'invscaling', 'max_iter': 5000, 'solver': 'adam'}
020,2,0,85,14.727935791015625,{'activation': 'tanh', 'alpha': 0.0001, 'hidden_layer_sizes': (50, 50), 'learning_rate': 'constant', 'max_iter': 5000, 'solver': 'adam'}
020,3,0,60,14.918048620223999,{'activation': 'tanh', 'alpha': 0.0001, 'hidden_layer_sizes': (50,), 'learning_rate': 'invscaling', 'max_iter': 50000, 'solver': 'sgd'}
020,4,0,80,15.953796863555908,{'activation': 'logistic', 'alpha': 0.05, 'hidden_layer_sizes': (25,), 'learning_rate': 'adaptive', 'max_iter': 10000, 'solver': 'sgd'}
005,0,0,50,11.219075918197632,{'activation': 'logistic', 'alpha': 0.0001, 'hidden_layer_sizes': (50,), 'learning_rate': 'invscaling', 'max_iter': 5000, 'solver': 'sgd'}
005,1,0,60,10.845522403717041,{'activation': 'tanh', 'alpha': 0.0001, 'hidden_layer_sizes': (25,), 'learning_rate': 'invscaling', 'max_iter': 20000, 'solver': 'sgd'}
005,2,0,50,11.35361623764038,{'activation': 'logistic', 'alpha': 0.0001, 'hidden_layer_sizes': (50, 50), 'learning_rate': 'adaptive', 'max_iter': 10000, 'solver': 'sgd'}
005,3,0,50,10.378786325454712,{'activation': 'logistic', 'alpha': 0.05, 'hidden_layer_sizes': (50, 50), 'learning_rate': 'adaptive', 'max_iter': 50000, 'solver': 'sgd'}
005,4,0,65,11.277599096298218,{'activation': 'tanh', 'alpha': 0.0001, 'hidden_layer_sizes': (25,), 'learning_rate': 'invscaling', 'max_iter': 5000, 'solver': 'sgd'}
010,0,0,45,11.94074821472168,{'activation': 'tanh', 'alpha': 0.05, 'hidden_layer_sizes': (50,), 'learning_rate': 'invscaling', 'max_iter': 10000, 'solver': 'sgd'}
010,1,0,60,11.849848985671997,{'activation': 'tanh', 'alpha': 0.05, 'hidden_layer_sizes': (50, 25, 50), 'learning_rate': 'invscaling', 'max_iter': 5000, 'solver': 'sgd'}
010,2,0,65,12.038338899612427,{'activation': 'tanh', 'alpha': 0.05, 'hidden_layer_sizes': (25, 25), 'learning_rate': 'invscaling', 'max_iter': 10000, 'solver': 'sgd'}
010,3,0,50,11.95279049873352,{'activation': 'tanh', 'alpha': 0.05, 'hidden_layer_sizes': (50, 25, 50), 'learning_rate': 'invscaling', 'max_iter': 50000, 'solver': 'sgd'}
010,4,0,75,11.807249784469604,{'activation': 'tanh', 'alpha': 0.0001, 'hidden_layer_sizes': (25,), 'learning_rate': 'constant', 'max_iter': 10000, 'solver': 'sgd'}
015,0,0,65,13.988948583602905,{'activation': 'tanh', 'alpha': 0.0001, 'hidden_layer_sizes': (50, 25, 50), 'learning_rate': 'adaptive', 'max_iter': 20000, 'solver': 'sgd'}
015,1,0,60,14.540933609008789,{'activation': 'tanh', 'alpha': 0.05, 'hidden_layer_sizes': (25, 25), 'learning_rate': 'constant', 'max_iter': 5000, 'solver': 'sgd'}
015,2,0,50,13.631856918334961,{'activation': 'tanh', 'alpha': 0.05, 'hidden_layer_sizes': (50, 25, 50), 'learning_rate': 'invscaling', 'max_iter': 10000, 'solver': 'sgd'}
015,3,0,75,14.382257223129272,{'activation': 'tanh', 'alpha': 0.05, 'hidden_layer_sizes': (50, 50), 'learning_rate': 'constant', 'max_iter': 10000, 'solver': 'sgd'}
015,4,0,45,13.88016390800476,{'activation': 'tanh', 'alpha': 0.0001, 'hidden_layer_sizes': (50, 25, 50), 'learning_rate': 'invscaling', 'max_iter': 5000, 'solver': 'sgd'}
020,0,0,80,14.851521253585815,{'activation': 'tanh', 'alpha': 0.0001, 'hidden_layer_sizes': (25, 25), 'learning_rate': 'constant', 'max_iter': 5000, 'solver': 'adam'}
020,1,0,60,15.253421783447266,{'activation': 'tanh', 'alpha': 0.0001, 'hidden_layer_sizes': (25, 25), 'learning_rate': 'invscaling', 'max_iter': 20000, 'solver': 'sgd'}
020,2,0,65,15.218656063079834,{'activation': 'tanh', 'alpha': 0.0001, 'hidden_layer_sizes': (50,), 'learning_rate': 'invscaling', 'max_iter': 5000, 'solver': 'sgd'}
020,3,0,75,15.12757921218872,{'activation': 'tanh', 'alpha': 0.0001, 'hidden_layer_sizes': (25, 25), 'learning_rate': 'invscaling', 'max_iter': 50000, 'solver': 'adam'}
020,4,0,80,15.613078355789185,{'activation': 'logistic', 'alpha': 0.05, 'hidden_layer_sizes': (25,), 'learning_rate': 'constant', 'max_iter': 10000, 'solver': 'adam'}
005,0,0,45,11.171239852905273,{'activation': 'relu', 'alpha': 0.05, 'hidden_layer_sizes': (25, 25), 'learning_rate': 'invscaling', 'max_iter': 20000, 'solver': 'sgd'}
005,1,0,65,10.957324743270874,{'activation': 'tanh', 'alpha': 0.05, 'hidden_layer_sizes': (25,), 'learning_rate': 'invscaling', 'max_iter': 5000, 'solver': 'sgd'}
005,2,0,50,11.591615915298462,{'activation': 'relu', 'alpha': 0.0001, 'hidden_layer_sizes': (25,), 'learning_rate': 'invscaling', 'max_iter': 20000, 'solver': 'sgd'}
005,3,0,50,10.539727449417114,{'activation': 'logistic', 'alpha': 0.0001, 'hidden_layer_sizes': (50, 50), 'learning_rate': 'constant', 'max_iter': 50000, 'solver': 'sgd'}
005,4,0,45,11.484846115112305,{'activation': 'tanh', 'alpha': 0.05, 'hidden_layer_sizes': (50,), 'learning_rate': 'invscaling', 'max_iter': 5000, 'solver': 'sgd'}
010,0,0,60,12.02453064918518,{'activation': 'tanh', 'alpha': 0.0001, 'hidden_layer_sizes': (25,), 'learning_rate': 'invscaling', 'max_iter': 20000, 'solver': 'sgd'}
010,1,0,45,12.350404024124146,{'activation': 'tanh', 'alpha': 0.0001, 'hidden_layer_sizes': (50,), 'learning_rate': 'invscaling', 'max_iter': 20000, 'solver': 'sgd'}
010,2,0,80,12.005798816680908,{'activation': 'tanh', 'alpha': 0.05, 'hidden_layer_sizes': (50,), 'learning_rate': 'invscaling', 'max_iter': 50000, 'solver': 'sgd'}
010,3,0,60,11.792749166488647,{'activation': 'tanh', 'alpha': 0.0001, 'hidden_layer_sizes': (25,), 'learning_rate': 'invscaling', 'max_iter': 50000, 'solver': 'sgd'}
010,4,0,45,11.853225469589233,{'activation': 'tanh', 'alpha': 0.0001, 'hidden_layer_sizes': (50, 50), 'learning_rate': 'invscaling', 'max_iter': 10000, 'solver': 'sgd'}
015,0,0,75,14.050671100616455,{'activation': 'relu', 'alpha': 0.0001, 'hidden_layer_sizes': (25,), 'learning_rate': 'adaptive', 'max_iter': 5000, 'solver': 'sgd'}
015,1,0,70,14.577427864074707,{'activation': 'logistic', 'alpha': 0.05, 'hidden_layer_sizes': (25, 25), 'learning_rate': 'constant', 'max_iter': 5000, 'solver': 'adam'}
015,2,0,30,13.987239122390747,{'activation': 'tanh', 'alpha': 0.0001, 'hidden_layer_sizes': (50, 50), 'learning_rate': 'invscaling', 'max_iter': 20000, 'solver': 'sgd'}
015,3,0,85,14.047437906265259,{'activation': 'relu', 'alpha': 0.05, 'hidden_layer_sizes': (50, 50), 'learning_rate': 'constant', 'max_iter': 20000, 'solver': 'sgd'}
015,4,0,75,14.532762289047241,{'activation': 'tanh', 'alpha': 0.0001, 'hidden_layer_sizes': (50, 25, 50), 'learning_rate': 'constant', 'max_iter': 50000, 'solver': 'sgd'}
020,0,0,80,14.90966510772705,{'activation': 'logistic', 'alpha': 0.0001, 'hidden_layer_sizes': (25,), 'learning_rate': 'constant', 'max_iter': 5000, 'solver': 'adam'}
020,1,0,50,15.461994647979736,{'activation': 'logistic', 'alpha': 0.0001, 'hidden_layer_sizes': (25,), 'learning_rate': 'adaptive', 'max_iter': 5000, 'solver': 'sgd'}
020,2,0,50,15.216232061386108,{'activation': 'tanh', 'alpha': 0.05, 'hidden_layer_sizes': (25, 25), 'learning_rate': 'invscaling', 'max_iter': 5000, 'solver': 'sgd'}
020,3,0,80,15.847134590148926,{'activation': 'logistic', 'alpha': 0.0001, 'hidden_layer_sizes': (25,), 'learning_rate': 'adaptive', 'max_iter': 50000, 'solver': 'sgd'}
020,4,0,80,15.948837995529175,{'activation': 'tanh', 'alpha': 0.05, 'hidden_layer_sizes': (50, 25, 50), 'learning_rate': 'constant', 'max_iter': 5000, 'solver': 'sgd'}
005,0,0,65,11.346328735351562,{'activation': 'relu', 'alpha': 0.05, 'hidden_layer_sizes': (50, 50), 'learning_rate': 'invscaling', 'max_iter': 50000, 'solver': 'sgd'}
005,1,0,55,11.230403900146484,{'activation': 'tanh', 'alpha': 0.05, 'hidden_layer_sizes': (25,), 'learning_rate': 'invscaling', 'max_iter': 10000, 'solver': 'sgd'}
005,2,0,50,11.447852373123169,{'activation': 'logistic', 'alpha': 0.05, 'hidden_layer_sizes': (25,), 'learning_rate': 'invscaling', 'max_iter': 5000, 'solver': 'sgd'}
005,3,0,60,10.657822608947754,{'activation': 'tanh', 'alpha': 0.0001, 'hidden_layer_sizes': (25, 25), 'learning_rate': 'invscaling', 'max_iter': 50000, 'solver': 'sgd'}
005,4,0,50,11.074249505996704,{'activation': 'logistic', 'alpha': 0.0001, 'hidden_layer_sizes': (50,), 'learning_rate': 'invscaling', 'max_iter': 20000, 'solver': 'sgd'}
010,0,0,55,11.837541580200195,{'activation': 'tanh', 'alpha': 0.0001, 'hidden_layer_sizes': (50, 50), 'learning_rate': 'invscaling', 'max_iter': 50000, 'solver': 'sgd'}
010,1,0,40,12.504191398620605,{'activation': 'tanh', 'alpha': 0.05, 'hidden_layer_sizes': (25, 25), 'learning_rate': 'invscaling', 'max_iter': 50000, 'solver': 'sgd'}
010,2,0,60,12.336743354797363,{'activation': 'tanh', 'alpha': 0.0001, 'hidden_layer_sizes': (50, 50), 'learning_rate': 'invscaling', 'max_iter': 5000, 'solver': 'sgd'}
010,3,0,60,12.2448890209198,{'activation': 'relu', 'alpha': 0.0001, 'hidden_layer_sizes': (50,), 'learning_rate': 'invscaling', 'max_iter': 5000, 'solver': 'sgd'}
010,4,0,55,11.690239191055298,{'activation': 'tanh', 'alpha': 0.05, 'hidden_layer_sizes': (50, 25, 50), 'learning_rate': 'invscaling', 'max_iter': 50000, 'solver': 'sgd'}
015,0,0,50,13.496279239654541,{'activation': 'tanh', 'alpha': 0.05, 'hidden_layer_sizes': (25, 25), 'learning_rate': 'invscaling', 'max_iter': 5000, 'solver': 'sgd'}
015,1,0,60,13.637425422668457,{'activation': 'relu', 'alpha': 0.05, 'hidden_layer_sizes': (25,), 'learning_rate': 'invscaling', 'max_iter': 5000, 'solver': 'sgd'}
015,2,0,70,14.917840003967285,{'activation': 'relu', 'alpha': 0.0001, 'hidden_layer_sizes': (25,), 'learning_rate': 'constant', 'max_iter': 5000, 'solver': 'sgd'}
015,3,0,85,14.594309329986572,{'activation': 'tanh', 'alpha': 0.0001, 'hidden_layer_sizes': (50, 25, 50), 'learning_rate': 'constant', 'max_iter': 20000, 'solver': 'sgd'}
015,4,0,70,14.243666172027588,{'activation': 'logistic', 'alpha': 0.05, 'hidden_layer_sizes': (50, 25, 50), 'learning_rate': 'invscaling', 'max_iter': 10000, 'solver': 'adam'}
020,0,0,85,15.627244234085083,{'activation': 'tanh', 'alpha': 0.05, 'hidden_layer_sizes': (50,), 'learning_rate': 'constant', 'max_iter': 5000, 'solver': 'sgd'}
020,1,0,85,14.74183440208435,{'activation': 'logistic', 'alpha': 0.0001, 'hidden_layer_sizes': (50, 25, 50), 'learning_rate': 'adaptive', 'max_iter': 5000, 'solver': 'adam'}
020,2,0,50,15.284016370773315,{'activation': 'tanh', 'alpha': 0.05, 'hidden_layer_sizes': (50, 50), 'learning_rate': 'invscaling', 'max_iter': 5000, 'solver': 'sgd'}
020,3,0,70,15.88843822479248,{'activation': 'relu', 'alpha': 0.0001, 'hidden_layer_sizes': (50, 50), 'learning_rate': 'adaptive', 'max_iter': 50000, 'solver': 'sgd'}
020,4,0,55,14.871086835861206,{'activation': 'tanh', 'alpha': 0.05, 'hidden_layer_sizes': (25, 25), 'learning_rate': 'invscaling', 'max_iter': 50000, 'solver': 'sgd'}
005,0,0,60,11.484783172607422,{'activation': 'tanh', 'alpha': 0.0001, 'hidden_layer_sizes': (50,), 'learning_rate': 'constant', 'max_iter': 20000, 'solver': 'sgd'}
005,1,0,50,11.025730609893799,{'activation': 'tanh', 'alpha': 0.05, 'hidden_layer_sizes': (25,), 'learning_rate': 'invscaling', 'max_iter': 20000, 'solver': 'sgd'}
005,2,0,50,11.273879051208496,{'activation': 'logistic', 'alpha': 0.05, 'hidden_layer_sizes': (50, 50), 'learning_rate': 'adaptive', 'max_iter': 50000, 'solver': 'sgd'}
005,3,0,50,10.474810361862183,{'activation': 'logistic', 'alpha': 0.05, 'hidden_layer_sizes': (25, 25), 'learning_rate': 'constant', 'max_iter': 10000, 'solver': 'sgd'}
005,4,0,40,11.447520017623901,{'activation': 'tanh', 'alpha': 0.05, 'hidden_layer_sizes': (25, 25), 'learning_rate': 'invscaling', 'max_iter': 5000, 'solver': 'sgd'}
010,0,0,50,11.689168691635132,{'activation': 'tanh', 'alpha': 0.05, 'hidden_layer_sizes': (25, 25), 'learning_rate': 'invscaling', 'max_iter': 5000, 'solver': 'sgd'}
010,1,0,45,12.511616230010986,{'activation': 'tanh', 'alpha': 0.0001, 'hidden_layer_sizes': (25, 25), 'learning_rate': 'invscaling', 'max_iter': 10000, 'solver': 'sgd'}
010,2,0,65,12.272997856140137,{'activation': 'logistic', 'alpha': 0.0001, 'hidden_layer_sizes': (50, 50), 'learning_rate': 'adaptive', 'max_iter': 5000, 'solver': 'sgd'}
010,3,0,55,11.813405990600586,{'activation': 'relu', 'alpha': 0.05, 'hidden_layer_sizes': (50, 50), 'learning_rate': 'invscaling', 'max_iter': 50000, 'solver': 'sgd'}
010,4,0,55,11.877617359161377,{'activation': 'tanh', 'alpha': 0.0001, 'hidden_layer_sizes': (25,), 'learning_rate': 'invscaling', 'max_iter': 50000, 'solver': 'sgd'}
015,0,0,65,13.905860424041748,{'activation': 'tanh', 'alpha': 0.05, 'hidden_layer_sizes': (25, 25), 'learning_rate': 'constant', 'max_iter': 20000, 'solver': 'sgd'}
015,1,0,60,13.698597192764282,{'activation': 'tanh', 'alpha': 0.0001, 'hidden_layer_sizes': (25,), 'learning_rate': 'invscaling', 'max_iter': 5000, 'solver': 'sgd'}
015,2,0,40,13.847466230392456,{'activation': 'relu', 'alpha': 0.0001, 'hidden_layer_sizes': (25, 25), 'learning_rate': 'invscaling', 'max_iter': 5000, 'solver': 'sgd'}
015,3,0,60,13.692786455154419,{'activation': 'relu', 'alpha': 0.05, 'hidden_layer_sizes': (25, 25), 'learning_rate': 'invscaling', 'max_iter': 10000, 'solver': 'sgd'}
015,4,0,55,13.94227647781372,{'activation': 'relu', 'alpha': 0.0001, 'hidden_layer_sizes': (50, 50), 'learning_rate': 'invscaling', 'max_iter': 10000, 'solver': 'sgd'}
020,0,0,80,15.746666193008423,{'activation': 'tanh', 'alpha': 0.0001, 'hidden_layer_sizes': (50, 50), 'learning_rate': 'constant', 'max_iter': 5000, 'solver': 'sgd'}
020,1,0,80,16.025583744049072,{'activation': 'relu', 'alpha': 0.0001, 'hidden_layer_sizes': (50, 25, 50), 'learning_rate': 'adaptive', 'max_iter': 10000, 'solver': 'sgd'}
020,2,0,80,15.845566987991333,{'activation': 'tanh', 'alpha': 0.05, 'hidden_layer_sizes': (25, 25), 'learning_rate': 'adaptive', 'max_iter': 5000, 'solver': 'sgd'}
020,3,0,80,15.928944110870361,{'activation': 'tanh', 'alpha': 0.05, 'hidden_layer_sizes': (25,), 'learning_rate': 'adaptive', 'max_iter': 10000, 'solver': 'sgd'}
020,4,0,50,15.32043170928955,{'activation': 'logistic', 'alpha': 0.05, 'hidden_layer_sizes': (25,), 'learning_rate': 'constant', 'max_iter': 20000, 'solver': 'sgd'}
005,0,0,50,10.914314985275269,{'activation': 'logistic', 'alpha': 0.0001, 'hidden_layer_sizes': (50,), 'learning_rate': 'invscaling', 'max_iter': 10000, 'solver': 'sgd'}
005,1,0,75,11.070191621780396,{'activation': 'tanh', 'alpha': 0.0001, 'hidden_layer_sizes': (50, 50), 'learning_rate': 'invscaling', 'max_iter': 20000, 'solver': 'sgd'}
005,2,0,55,11.206578493118286,{'activation': 'logistic', 'alpha': 0.05, 'hidden_layer_sizes': (25,), 'learning_rate': 'invscaling', 'max_iter': 10000, 'solver': 'sgd'}
005,3,0,75,10.770536184310913,{'activation': 'logistic', 'alpha': 0.05, 'hidden_layer_sizes': (25, 25), 'learning_rate': 'constant', 'max_iter': 5000, 'solver': 'adam'}
005,4,0,45,11.033611297607422,{'activation': 'logistic', 'alpha': 0.05, 'hidden_layer_sizes': (50, 50), 'learning_rate': 'adaptive', 'max_iter': 50000, 'solver': 'sgd'}
010,0,0,45,12.04052996635437,{'activation': 'tanh', 'alpha': 0.05, 'hidden_layer_sizes': (25, 25), 'learning_rate': 'invscaling', 'max_iter': 20000, 'solver': 'sgd'}
010,1,0,30,12.540051221847534,{'activation': 'tanh', 'alpha': 0.0001, 'hidden_layer_sizes': (25,), 'learning_rate': 'invscaling', 'max_iter': 20000, 'solver': 'sgd'}
010,2,0,60,11.984179973602295,{'activation': 'relu', 'alpha': 0.05, 'hidden_layer_sizes': (25,), 'learning_rate': 'invscaling', 'max_iter': 10000, 'solver': 'sgd'}
010,3,0,80,12.030826807022095,{'activation': 'relu', 'alpha': 0.0001, 'hidden_layer_sizes': (50,), 'learning_rate': 'invscaling', 'max_iter': 50000, 'solver': 'sgd'}
010,4,0,65,11.734551906585693,{'activation': 'logistic', 'alpha': 0.0001, 'hidden_layer_sizes': (50,), 'learning_rate': 'constant', 'max_iter': 5000, 'solver': 'adam'}
015,0,0,40,13.740122318267822,{'activation': 'tanh', 'alpha': 0.05, 'hidden_layer_sizes': (50,), 'learning_rate': 'invscaling', 'max_iter': 20000, 'solver': 'sgd'}
015,1,0,50,13.782604217529297,{'activation': 'relu', 'alpha': 0.0001, 'hidden_layer_sizes': (50, 25, 50), 'learning_rate': 'invscaling', 'max_iter': 20000, 'solver': 'sgd'}
015,2,0,45,13.992507934570312,{'activation': 'tanh', 'alpha': 0.05, 'hidden_layer_sizes': (50,), 'learning_rate': 'invscaling', 'max_iter': 20000, 'solver': 'sgd'}
015,3,0,85,14.04388165473938,{'activation': 'logistic', 'alpha': 0.0001, 'hidden_layer_sizes': (25,), 'learning_rate': 'constant', 'max_iter': 5000, 'solver': 'adam'}
015,4,0,50,13.996436357498169,{'activation': 'tanh', 'alpha': 0.0001, 'hidden_layer_sizes': (50,), 'learning_rate': 'invscaling', 'max_iter': 50000, 'solver': 'sgd'}
020,0,0,50,15.614015340805054,{'activation': 'logistic', 'alpha': 0.0001, 'hidden_layer_sizes': (50,), 'learning_rate': 'adaptive', 'max_iter': 50000, 'solver': 'sgd'}
020,1,0,80,15.076504468917847,{'activation': 'logistic', 'alpha': 0.0001, 'hidden_layer_sizes': (50, 25, 50), 'learning_rate': 'adaptive', 'max_iter': 5000, 'solver': 'adam'}
020,2,0,80,15.12832760810852,{'activation': 'logistic', 'alpha': 0.05, 'hidden_layer_sizes': (25, 25), 'learning_rate': 'invscaling', 'max_iter': 5000, 'solver': 'adam'}
020,3,0,80,16.21325182914734,{'activation': 'logistic', 'alpha': 0.0001, 'hidden_layer_sizes': (50,), 'learning_rate': 'constant', 'max_iter': 20000, 'solver': 'sgd'}
020,4,0,80,15.996829748153687,{'activation': 'logistic', 'alpha': 0.0001, 'hidden_layer_sizes': (50,), 'learning_rate': 'adaptive', 'max_iter': 5000, 'solver': 'sgd'}
005,0,0,60,11.22112488746643,{'activation': 'logistic', 'alpha': 0.05, 'hidden_layer_sizes': (50, 50), 'learning_rate': 'adaptive', 'max_iter': 20000, 'solver': 'sgd'}
005,1,0,40,11.176342964172363,{'activation': 'tanh', 'alpha': 0.05, 'hidden_layer_sizes': (50,), 'learning_rate': 'invscaling', 'max_iter': 20000, 'solver': 'sgd'}
005,2,0,45,11.52691125869751,{'activation': 'logistic', 'alpha': 0.0001, 'hidden_layer_sizes': (25,), 'learning_rate': 'invscaling', 'max_iter': 10000, 'solver': 'sgd'}
005,3,0,65,10.735056638717651,{'activation': 'relu', 'alpha': 0.0001, 'hidden_layer_sizes': (50,), 'learning_rate': 'invscaling', 'max_iter': 5000, 'solver': 'sgd'}
005,4,0,50,11.139353513717651,{'activation': 'logistic', 'alpha': 0.0001, 'hidden_layer_sizes': (50,), 'learning_rate': 'invscaling', 'max_iter': 50000, 'solver': 'sgd'}
010,0,0,55,11.978843212127686,{'activation': 'tanh', 'alpha': 0.05, 'hidden_layer_sizes': (50,), 'learning_rate': 'invscaling', 'max_iter': 50000, 'solver': 'sgd'}
010,1,0,40,12.40247917175293,{'activation': 'tanh', 'alpha': 0.0001, 'hidden_layer_sizes': (50, 25, 50), 'learning_rate': 'invscaling', 'max_iter': 20000, 'solver': 'sgd'}
010,2,0,45,12.266339302062988,{'activation': 'tanh', 'alpha': 0.0001, 'hidden_layer_sizes': (50,), 'learning_rate': 'invscaling', 'max_iter': 20000, 'solver': 'sgd'}
010,3,0,65,12.094471454620361,{'activation': 'tanh', 'alpha': 0.0001, 'hidden_layer_sizes': (50, 50), 'learning_rate': 'invscaling', 'max_iter': 50000, 'solver': 'sgd'}
010,4,0,45,11.714041709899902,{'activation': 'relu', 'alpha': 0.05, 'hidden_layer_sizes': (25, 25), 'learning_rate': 'invscaling', 'max_iter': 50000, 'solver': 'sgd'}
015,0,0,65,14.064285039901733,{'activation': 'tanh', 'alpha': 0.0001, 'hidden_layer_sizes': (50, 25, 50), 'learning_rate': 'adaptive', 'max_iter': 50000, 'solver': 'sgd'}
015,1,0,75,14.447051048278809,{'activation': 'tanh', 'alpha': 0.0001, 'hidden_layer_sizes': (25, 25), 'learning_rate': 'constant', 'max_iter': 20000, 'solver': 'sgd'}
015,2,0,50,13.967698812484741,{'activation': 'relu', 'alpha': 0.05, 'hidden_layer_sizes': (50, 25, 50), 'learning_rate': 'invscaling', 'max_iter': 50000, 'solver': 'sgd'}
015,3,0,80,14.300535917282104,{'activation': 'tanh', 'alpha': 0.05, 'hidden_layer_sizes': (50, 25, 50), 'learning_rate': 'constant', 'max_iter': 5000, 'solver': 'sgd'}
015,4,0,60,13.775279998779297,{'activation': 'tanh', 'alpha': 0.0001, 'hidden_layer_sizes': (50,), 'learning_rate': 'invscaling', 'max_iter': 10000, 'solver': 'sgd'}
020,0,0,85,16.190587997436523,{'activation': 'logistic', 'alpha': 0.0001, 'hidden_layer_sizes': (25,), 'learning_rate': 'adaptive', 'max_iter': 20000, 'solver': 'sgd'}
020,1,0,80,15.742554187774658,{'activation': 'logistic', 'alpha': 0.05, 'hidden_layer_sizes': (50,), 'learning_rate': 'constant', 'max_iter': 5000, 'solver': 'sgd'}
020,2,0,90,16.275056838989258,{'activation': 'logistic', 'alpha': 0.0001, 'hidden_layer_sizes': (25,), 'learning_rate': 'constant', 'max_iter': 50000, 'solver': 'sgd'}
020,3,0,80,15.381936073303223,{'activation': 'logistic', 'alpha': 0.0001, 'hidden_layer_sizes': (50,), 'learning_rate': 'constant', 'max_iter': 10000, 'solver': 'adam'}
020,4,0,45,14.913644790649414,{'activation': 'relu', 'alpha': 0.05, 'hidden_layer_sizes': (50,), 'learning_rate': 'invscaling', 'max_iter': 20000, 'solver': 'sgd'}
005,0,0,50,10.919128656387329,{'activation': 'logistic', 'alpha': 0.0001, 'hidden_layer_sizes': (25,), 'learning_rate': 'invscaling', 'max_iter': 5000, 'solver': 'sgd'}
005,1,0,45,10.889043092727661,{'activation': 'tanh', 'alpha': 0.0001, 'hidden_layer_sizes': (25,), 'learning_rate': 'invscaling', 'max_iter': 5000, 'solver': 'sgd'}
005,2,0,50,11.363477230072021,{'activation': 'logistic', 'alpha': 0.0001, 'hidden_layer_sizes': (25,), 'learning_rate': 'invscaling', 'max_iter': 5000, 'solver': 'sgd'}
005,3,0,80,10.656446933746338,{'activation': 'logistic', 'alpha': 0.05, 'hidden_layer_sizes': (25, 25), 'learning_rate': 'invscaling', 'max_iter': 5000, 'solver': 'adam'}
005,4,0,50,11.302296161651611,{'activation': 'logistic', 'alpha': 0.0001, 'hidden_layer_sizes': (25,), 'learning_rate': 'invscaling', 'max_iter': 5000, 'solver': 'sgd'}
010,0,0,40,11.904060125350952,{'activation': 'relu', 'alpha': 0.05, 'hidden_layer_sizes': (50, 50), 'learning_rate': 'invscaling', 'max_iter': 5000, 'solver': 'sgd'}
010,1,0,45,12.486414670944214,{'activation': 'tanh', 'alpha': 0.05, 'hidden_layer_sizes': (25, 25), 'learning_rate': 'invscaling', 'max_iter': 10000, 'solver': 'sgd'}
010,2,0,60,12.463762998580933,{'activation': 'tanh', 'alpha': 0.0001, 'hidden_layer_sizes': (50, 25, 50), 'learning_rate': 'invscaling', 'max_iter': 20000, 'solver': 'sgd'}
010,3,0,65,12.489938020706177,{'activation': 'tanh', 'alpha': 0.0001, 'hidden_layer_sizes': (50,), 'learning_rate': 'adaptive', 'max_iter': 5000, 'solver': 'sgd'}
010,4,0,75,11.829745531082153,{'activation': 'logistic', 'alpha': 0.05, 'hidden_layer_sizes': (50, 25, 50), 'learning_rate': 'adaptive', 'max_iter': 10000, 'solver': 'adam'}
015,0,0,65,14.551320791244507,{'activation': 'tanh', 'alpha': 0.0001, 'hidden_layer_sizes': (50, 50), 'learning_rate': 'constant', 'max_iter': 50000, 'solver': 'sgd'}
015,1,0,40,14.440549850463867,{'activation': 'tanh', 'alpha': 0.05, 'hidden_layer_sizes': (25, 25), 'learning_rate': 'invscaling', 'max_iter': 10000, 'solver': 'sgd'}
015,2,0,55,14.262428522109985,{'activation': 'tanh', 'alpha': 0.05, 'hidden_layer_sizes': (50,), 'learning_rate': 'invscaling', 'max_iter': 20000, 'solver': 'sgd'}
015,3,0,85,13.998482465744019,{'activation': 'logistic', 'alpha': 0.05, 'hidden_layer_sizes': (25, 25), 'learning_rate': 'constant', 'max_iter': 5000, 'solver': 'adam'}
015,4,0,80,14.6516752243042,{'activation': 'relu', 'alpha': 0.05, 'hidden_layer_sizes': (25, 25), 'learning_rate': 'adaptive', 'max_iter': 20000, 'solver': 'sgd'}
020,0,0,80,15.178240776062012,{'activation': 'logistic', 'alpha': 0.05, 'hidden_layer_sizes': (25,), 'learning_rate': 'constant', 'max_iter': 5000, 'solver': 'adam'}
020,1,0,80,15.338078498840332,{'activation': 'logistic', 'alpha': 0.0001, 'hidden_layer_sizes': (25,), 'learning_rate': 'adaptive', 'max_iter': 20000, 'solver': 'adam'}
020,2,0,75,15.387246131896973,{'activation': 'tanh', 'alpha': 0.0001, 'hidden_layer_sizes': (25,), 'learning_rate': 'adaptive', 'max_iter': 5000, 'solver': 'sgd'}
020,3,0,40,14.991130352020264,{'activation': 'tanh', 'alpha': 0.0001, 'hidden_layer_sizes': (25,), 'learning_rate': 'invscaling', 'max_iter': 10000, 'solver': 'sgd'}
020,4,0,60,15.272866010665894,{'activation': 'relu', 'alpha': 0.05, 'hidden_layer_sizes': (25,), 'learning_rate': 'invscaling', 'max_iter': 50000, 'solver': 'sgd'}
